Timestamp,CO_ppm,Exhaust_Fan_State
2026-04-06 00:00:00,8.6,0
2026-04-06 00:05:00,4.5,0
2026-04-06 00:10:00,6.8,0
2026-04-06 00:15:00,7.9,0
2026-04-06 00:20:00,12.8,0
2026-04-06 00:25:00,9.3,0
2026-04-06 00:30:00,10.2,0
2026-04-06 00:35:00,7.8,0
2026-04-06 00:40:00,10.9,0
2026-04-06 00:45:00,8.6,0
2026-04-06 00:50:00,9.7,0
2026-04-06 00:55:00,8.4,0
2026-04-06 01:00:00,9.1,0
2026-04-06 01:05:00,7.0,0
2026-04-06 01:10:00,11.7,0
2026-04-06 01:15:00,7.0,0
2026-04-06 01:20:00,6.1,0
2026-04-06 01:25:00,8.3,0
2026-04-06 01:30:00,11.7,0
2026-04-06 01:35:00,6.6,0
2026-04-06 01:40:00,7.6,0
2026-04-06 01:45:00,8.5,0
2026-04-06 01:50:00,5.4,0
2026-04-06 01:55:00,5.2,0
2026-04-06 02:00:00,10.3,0
2026-04-06 02:05:00,8.2,0
2026-04-06 02:10:00,5.9,0
2026-04-06 02:15:00,7.4,0
2026-04-06 02:20:00,6.9,0
2026-04-06 02:25:00,8.0,0
2026-04-06 02:30:00,8.4,0
2026-04-06 02:35:00,3.7,0
2026-04-06 02:40:00,10.7,0
2026-04-06 02:45:00,8.1,0
2026-04-06 02:50:00,6.7,0
2026-04-06 02:55:00,9.8,0
2026-04-06 03:00:00,5.9,0
2026-04-06 03:05:00,7.4,0
2026-04-06 03:10:00,5.6,0
2026-04-06 03:15:00,9.5,0
2026-04-06 03:20:00,10.4,0
2026-04-06 03:25:00,8.8,0
2026-04-06 03:30:00,7.6,0
2026-04-06 03:35:00,5.4,0
2026-04-06 03:40:00,7.1,0
2026-04-06 03:45:00,8.5,0
2026-04-06 03:50:00,6.9,0
2026-04-06 03:55:00,7.1,0
2026-04-06 04:00:00,5.8,0
2026-04-06 04:05:00,6.5,0
2026-04-06 04:10:00,5.1,0
2026-04-06 04:15:00,8.6,0
2026-04-06 04:20:00,8.1,0
2026-04-06 04:25:00,8.2,0
2026-04-06 04:30:00,7.3,0
2026-04-06 04:35:00,6.8,0
2026-04-06 04:40:00,7.4,0
2026-04-06 04:45:00,7.1,0
2026-04-06 04:50:00,8.3,0
2026-04-06 04:55:00,11.7,0
2026-04-06 05:00:00,7.6,0
2026-04-06 05:05:00,6.8,0
2026-04-06 05:10:00,7.5,0
2026-04-06 05:15:00,7.0,0
2026-04-06 05:20:00,7.0,0
2026-04-06 05:25:00,6.8,0
2026-04-06 05:30:00,9.4,0
2026-04-06 05:35:00,9.3,0
2026-04-06 05:40:00,9.8,0
2026-04-06 05:45:00,10.2,0
2026-04-06 05:50:00,7.3,0
2026-04-06 05:55:00,4.9,0
2026-04-06 06:00:00,11.9,0
2026-04-06 06:05:00,3.5,0
2026-04-06 06:10:00,7.3,0
2026-04-06 06:15:00,5.1,0
2026-04-06 06:20:00,8.8,0
2026-04-06 06:25:00,6.1,0
2026-04-06 06:30:00,10.3,0
2026-04-06 06:35:00,8.5,0
2026-04-06 06:40:00,11.0,0
2026-04-06 06:45:00,8.2,0
2026-04-06 06:50:00,10.3,0
2026-04-06 06:55:00,5.8,0
2026-04-06 07:00:00,10.0,0
2026-04-06 07:05:00,7.7,0
2026-04-06 07:10:00,8.5,0
2026-04-06 07:15:00,9.9,0
2026-04-06 07:20:00,8.8,0
2026-04-06 07:25:00,6.4,0
2026-04-06 07:30:00,7.0,0
2026-04-06 07:35:00,5.9,0
2026-04-06 07:40:00,9.4,0
2026-04-06 07:45:00,7.3,0
2026-04-06 07:50:00,7.1,0
2026-04-06 07:55:00,8.4,0
2026-04-06 08:00:00,7.5,0
2026-04-06 08:05:00,10.3,0
2026-04-06 08:10:00,32.1,1
2026-04-06 08:15:00,38.6,1
2026-04-06 08:20:00,7.2,0
2026-04-06 08:25:00,9.4,0
2026-04-06 08:30:00,35.7,1
2026-04-06 08:35:00,5.6,0
2026-04-06 08:40:00,7.5,0
2026-04-06 08:45:00,32.0,1
2026-04-06 08:50:00,11.0,0
2026-04-06 08:55:00,7.2,0
2026-04-06 09:00:00,9.0,0
2026-04-06 09:05:00,10.6,0
2026-04-06 09:10:00,6.2,0
2026-04-06 09:15:00,8.6,0
2026-04-06 09:20:00,42.8,1
2026-04-06 09:25:00,36.9,1
2026-04-06 09:30:00,6.8,0
2026-04-06 09:35:00,8.5,0
2026-04-06 09:40:00,36.9,1
2026-04-06 09:45:00,8.3,0
2026-04-06 09:50:00,41.5,1
2026-04-06 09:55:00,10.5,0
2026-04-06 10:00:00,8.1,0
2026-04-06 10:05:00,42.1,1
2026-04-06 10:10:00,9.2,0
2026-04-06 10:15:00,12.0,0
2026-04-06 10:20:00,9.2,0
2026-04-06 10:25:00,10.1,0
2026-04-06 10:30:00,4.9,0
2026-04-06 10:35:00,7.6,0
2026-04-06 10:40:00,5.6,0
2026-04-06 10:45:00,8.0,0
2026-04-06 10:50:00,10.9,0
2026-04-06 10:55:00,5.4,0
2026-04-06 11:00:00,11.5,0
2026-04-06 11:05:00,8.0,0
2026-04-06 11:10:00,9.8,0
2026-04-06 11:15:00,10.1,0
2026-04-06 11:20:00,12.0,0
2026-04-06 11:25:00,9.2,0
2026-04-06 11:30:00,6.3,0
2026-04-06 11:35:00,10.0,0
2026-04-06 11:40:00,2.7,0
2026-04-06 11:45:00,6.2,0
2026-04-06 11:50:00,6.8,0
2026-04-06 11:55:00,3.8,0
2026-04-06 12:00:00,11.4,0
2026-04-06 12:05:00,10.7,0
2026-04-06 12:10:00,8.9,0
2026-04-06 12:15:00,10.0,0
2026-04-06 12:20:00,8.7,0
2026-04-06 12:25:00,9.7,0
2026-04-06 12:30:00,10.5,0
2026-04-06 12:35:00,5.1,0
2026-04-06 12:40:00,9.8,0
2026-04-06 12:45:00,10.3,0
2026-04-06 12:50:00,6.8,0
2026-04-06 12:55:00,7.5,0
2026-04-06 13:00:00,6.4,0
2026-04-06 13:05:00,8.6,0
2026-04-06 13:10:00,8.8,0
2026-04-06 13:15:00,8.4,0
2026-04-06 13:20:00,6.5,0
2026-04-06 13:25:00,10.7,0
2026-04-06 13:30:00,6.8,0
2026-04-06 13:35:00,9.1,0
2026-04-06 13:40:00,9.6,0
2026-04-06 13:45:00,4.6,0
2026-04-06 13:50:00,8.7,0
2026-04-06 13:55:00,10.5,0
2026-04-06 14:00:00,8.0,0
2026-04-06 14:05:00,9.8,0
2026-04-06 14:10:00,6.6,0
2026-04-06 14:15:00,10.1,0
2026-04-06 14:20:00,5.7,0
2026-04-06 14:25:00,8.0,0
2026-04-06 14:30:00,10.5,0
2026-04-06 14:35:00,10.4,0
2026-04-06 14:40:00,5.4,0
2026-04-06 14:45:00,7.6,0
2026-04-06 14:50:00,6.8,0
2026-04-06 14:55:00,10.4,0
2026-04-06 15:00:00,7.9,0
2026-04-06 15:05:00,8.3,0
2026-04-06 15:10:00,9.0,0
2026-04-06 15:15:00,5.6,0
2026-04-06 15:20:00,8.6,0
2026-04-06 15:25:00,6.0,0
2026-04-06 15:30:00,7.0,0
2026-04-06 15:35:00,7.1,0
2026-04-06 15:40:00,9.0,0
2026-04-06 15:45:00,6.4,0
2026-04-06 15:50:00,7.1,0
2026-04-06 15:55:00,8.6,0
2026-04-06 16:00:00,10.8,0
2026-04-06 16:05:00,8.9,0
2026-04-06 16:10:00,10.3,0
2026-04-06 16:15:00,3.8,0
2026-04-06 16:20:00,10.9,0
2026-04-06 16:25:00,6.3,0
2026-04-06 16:30:00,6.8,0
2026-04-06 16:35:00,11.9,0
2026-04-06 16:40:00,8.3,0
2026-04-06 16:45:00,6.5,0
2026-04-06 16:50:00,6.8,0
2026-04-06 16:55:00,5.2,0
2026-04-06 17:00:00,8.0,0
2026-04-06 17:05:00,7.3,0
2026-04-06 17:10:00,37.0,1
2026-04-06 17:15:00,11.4,0
2026-04-06 17:20:00,38.1,1
2026-04-06 17:25:00,9.2,0
2026-04-06 17:30:00,34.0,1
2026-04-06 17:35:00,8.9,0
2026-04-06 17:40:00,34.2,1
2026-04-06 17:45:00,5.3,0
2026-04-06 17:50:00,13.1,0
2026-04-06 17:55:00,12.3,0
2026-04-06 18:00:00,43.2,1
2026-04-06 18:05:00,38.2,1
2026-04-06 18:10:00,7.9,0
2026-04-06 18:15:00,5.3,0
2026-04-06 18:20:00,41.9,1
2026-04-06 18:25:00,9.9,0
2026-04-06 18:30:00,37.3,1
2026-04-06 18:35:00,4.6,0
2026-04-06 18:40:00,5.7,0
2026-04-06 18:45:00,9.9,0
2026-04-06 18:50:00,39.7,1
2026-04-06 18:55:00,31.0,1
2026-04-06 19:00:00,7.3,0
2026-04-06 19:05:00,41.4,1
2026-04-06 19:10:00,37.9,1
2026-04-06 19:15:00,36.1,1
2026-04-06 19:20:00,9.0,0
2026-04-06 19:25:00,40.5,1
2026-04-06 19:30:00,8.0,0
2026-04-06 19:35:00,42.0,1
2026-04-06 19:40:00,11.6,0
2026-04-06 19:45:00,36.4,1
2026-04-06 19:50:00,7.4,0
2026-04-06 19:55:00,33.2,1
2026-04-06 20:00:00,44.7,1
2026-04-06 20:05:00,8.9,0
2026-04-06 20:10:00,8.0,0
2026-04-06 20:15:00,10.3,0
2026-04-06 20:20:00,37.1,1
2026-04-06 20:25:00,30.3,1
2026-04-06 20:30:00,11.8,0
2026-04-06 20:35:00,36.3,1
2026-04-06 20:40:00,39.8,1
2026-04-06 20:45:00,37.7,1
2026-04-06 20:50:00,6.7,0
2026-04-06 20:55:00,37.5,1
2026-04-06 21:00:00,6.1,0
2026-04-06 21:05:00,6.8,0
2026-04-06 21:10:00,10.4,0
2026-04-06 21:15:00,7.9,0
2026-04-06 21:20:00,9.9,0
2026-04-06 21:25:00,9.6,0
2026-04-06 21:30:00,11.2,0
2026-04-06 21:35:00,9.6,0
2026-04-06 21:40:00,8.4,0
2026-04-06 21:45:00,5.4,0
2026-04-06 21:50:00,11.9,0
2026-04-06 21:55:00,10.1,0
2026-04-06 22:00:00,8.8,0
2026-04-06 22:05:00,8.4,0
2026-04-06 22:10:00,4.4,0
2026-04-06 22:15:00,8.8,0
2026-04-06 22:20:00,6.9,0
2026-04-06 22:25:00,4.7,0
2026-04-06 22:30:00,7.0,0
2026-04-06 22:35:00,8.5,0
2026-04-06 22:40:00,8.7,0
2026-04-06 22:45:00,5.6,0
2026-04-06 22:50:00,5.3,0
2026-04-06 22:55:00,7.4,0
2026-04-06 23:00:00,9.1,0
2026-04-06 23:05:00,6.4,0
2026-04-06 23:10:00,7.1,0
2026-04-06 23:15:00,8.4,0
2026-04-06 23:20:00,6.4,0
2026-04-06 23:25:00,4.0,0
2026-04-06 23:30:00,8.6,0
2026-04-06 23:35:00,4.5,0
2026-04-06 23:40:00,8.7,0
2026-04-06 23:45:00,7.6,0
2026-04-06 23:50:00,7.5,0
2026-04-06 23:55:00,5.8,0
2026-04-07 00:00:00,7.3,0
2026-04-07 00:05:00,6.2,0
2026-04-07 00:10:00,13.7,0
2026-04-07 00:15:00,6.4,0
2026-04-07 00:20:00,10.1,0
2026-04-07 00:25:00,6.9,0
2026-04-07 00:30:00,8.5,0
2026-04-07 00:35:00,8.0,0
2026-04-07 00:40:00,7.7,0
2026-04-07 00:45:00,7.6,0
2026-04-07 00:50:00,8.5,0
2026-04-07 00:55:00,10.8,0
2026-04-07 01:00:00,5.7,0
2026-04-07 01:05:00,4.5,0
2026-04-07 01:10:00,6.3,0
2026-04-07 01:15:00,8.3,0
2026-04-07 01:20:00,7.4,0
2026-04-07 01:25:00,11.1,0
2026-04-07 01:30:00,10.8,0
2026-04-07 01:35:00,7.1,0
2026-04-07 01:40:00,11.1,0
2026-04-07 01:45:00,8.8,0
2026-04-07 01:50:00,6.5,0
2026-04-07 01:55:00,7.8,0
2026-04-07 02:00:00,7.6,0
2026-04-07 02:05:00,6.5,0
2026-04-07 02:10:00,6.7,0
2026-04-07 02:15:00,8.9,0
2026-04-07 02:20:00,7.2,0
2026-04-07 02:25:00,7.4,0
2026-04-07 02:30:00,7.6,0
2026-04-07 02:35:00,7.7,0
2026-04-07 02:40:00,9.8,0
2026-04-07 02:45:00,6.3,0
2026-04-07 02:50:00,8.5,0
2026-04-07 02:55:00,5.0,0
2026-04-07 03:00:00,7.0,0
2026-04-07 03:05:00,5.4,0
2026-04-07 03:10:00,11.2,0
2026-04-07 03:15:00,8.3,0
2026-04-07 03:20:00,7.1,0
2026-04-07 03:25:00,4.5,0
2026-04-07 03:30:00,5.3,0
2026-04-07 03:35:00,9.7,0
2026-04-07 03:40:00,8.7,0
2026-04-07 03:45:00,5.1,0
2026-04-07 03:50:00,5.1,0
2026-04-07 03:55:00,11.7,0
2026-04-07 04:00:00,10.7,0
2026-04-07 04:05:00,8.6,0
2026-04-07 04:10:00,8.2,0
2026-04-07 04:15:00,7.7,0
2026-04-07 04:20:00,5.5,0
2026-04-07 04:25:00,9.7,0
2026-04-07 04:30:00,7.6,0
2026-04-07 04:35:00,9.5,0
2026-04-07 04:40:00,7.2,0
2026-04-07 04:45:00,8.7,0
2026-04-07 04:50:00,7.0,0
2026-04-07 04:55:00,8.1,0
2026-04-07 05:00:00,9.6,0
2026-04-07 05:05:00,6.9,0
2026-04-07 05:10:00,12.0,0
2026-04-07 05:15:00,6.8,0
2026-04-07 05:20:00,8.3,0
2026-04-07 05:25:00,10.8,0
2026-04-07 05:30:00,10.9,0
2026-04-07 05:35:00,8.9,0
2026-04-07 05:40:00,8.5,0
2026-04-07 05:45:00,8.1,0
2026-04-07 05:50:00,10.7,0
2026-04-07 05:55:00,9.9,0
2026-04-07 06:00:00,10.2,0
2026-04-07 06:05:00,11.3,0
2026-04-07 06:10:00,8.9,0
2026-04-07 06:15:00,7.2,0
2026-04-07 06:20:00,8.7,0
2026-04-07 06:25:00,8.1,0
2026-04-07 06:30:00,7.6,0
2026-04-07 06:35:00,7.2,0
2026-04-07 06:40:00,9.1,0
2026-04-07 06:45:00,9.3,0
2026-04-07 06:50:00,6.6,0
2026-04-07 06:55:00,8.6,0
2026-04-07 07:00:00,11.2,0
2026-04-07 07:05:00,6.5,0
2026-04-07 07:10:00,10.7,0
2026-04-07 07:15:00,6.3,0
2026-04-07 07:20:00,8.7,0
2026-04-07 07:25:00,4.4,0
2026-04-07 07:30:00,9.3,0
2026-04-07 07:35:00,7.6,0
2026-04-07 07:40:00,4.5,0
2026-04-07 07:45:00,7.1,0
2026-04-07 07:50:00,11.5,0
2026-04-07 07:55:00,9.1,0
2026-04-07 08:00:00,36.6,1
2026-04-07 08:05:00,36.3,1
2026-04-07 08:10:00,32.9,1
2026-04-07 08:15:00,11.0,0
2026-04-07 08:20:00,32.8,1
2026-04-07 08:25:00,9.2,0
2026-04-07 08:30:00,39.5,1
2026-04-07 08:35:00,8.2,0
2026-04-07 08:40:00,42.9,1
2026-04-07 08:45:00,11.2,0
2026-04-07 08:50:00,36.9,1
2026-04-07 08:55:00,5.6,0
2026-04-07 09:00:00,2.2,0
2026-04-07 09:05:00,9.9,0
2026-04-07 09:10:00,7.1,0
2026-04-07 09:15:00,7.7,0
2026-04-07 09:20:00,8.8,0
2026-04-07 09:25:00,12.9,0
2026-04-07 09:30:00,10.7,0
2026-04-07 09:35:00,43.5,1
2026-04-07 09:40:00,9.5,0
2026-04-07 09:45:00,6.8,0
2026-04-07 09:50:00,9.5,0
2026-04-07 09:55:00,42.4,1
2026-04-07 10:00:00,8.4,0
2026-04-07 10:05:00,8.4,0
2026-04-07 10:10:00,5.9,0
2026-04-07 10:15:00,6.8,0
2026-04-07 10:20:00,3.7,0
2026-04-07 10:25:00,37.5,1
2026-04-07 10:30:00,10.2,0
2026-04-07 10:35:00,12.0,0
2026-04-07 10:40:00,40.6,1
2026-04-07 10:45:00,40.0,1
2026-04-07 10:50:00,8.0,0
2026-04-07 10:55:00,36.0,1
2026-04-07 11:00:00,7.6,0
2026-04-07 11:05:00,9.9,0
2026-04-07 11:10:00,6.9,0
2026-04-07 11:15:00,10.9,0
2026-04-07 11:20:00,8.3,0
2026-04-07 11:25:00,5.7,0
2026-04-07 11:30:00,7.8,0
2026-04-07 11:35:00,9.0,0
2026-04-07 11:40:00,10.0,0
2026-04-07 11:45:00,9.5,0
2026-04-07 11:50:00,7.4,0
2026-04-07 11:55:00,7.0,0
2026-04-07 12:00:00,11.5,0
2026-04-07 12:05:00,8.1,0
2026-04-07 12:10:00,5.7,0
2026-04-07 12:15:00,6.8,0
2026-04-07 12:20:00,4.1,0
2026-04-07 12:25:00,4.7,0
2026-04-07 12:30:00,6.9,0
2026-04-07 12:35:00,6.4,0
2026-04-07 12:40:00,6.6,0
2026-04-07 12:45:00,9.5,0
2026-04-07 12:50:00,9.7,0
2026-04-07 12:55:00,5.7,0
2026-04-07 13:00:00,11.8,0
2026-04-07 13:05:00,8.2,0
2026-04-07 13:10:00,8.0,0
2026-04-07 13:15:00,6.4,0
2026-04-07 13:20:00,7.4,0
2026-04-07 13:25:00,12.1,0
2026-04-07 13:30:00,5.8,0
2026-04-07 13:35:00,8.5,0
2026-04-07 13:40:00,6.9,0
2026-04-07 13:45:00,4.4,0
2026-04-07 13:50:00,4.9,0
2026-04-07 13:55:00,9.2,0
2026-04-07 14:00:00,4.6,0
2026-04-07 14:05:00,5.5,0
2026-04-07 14:10:00,9.6,0
2026-04-07 14:15:00,9.4,0
2026-04-07 14:20:00,8.1,0
2026-04-07 14:25:00,5.6,0
2026-04-07 14:30:00,5.6,0
2026-04-07 14:35:00,5.4,0
2026-04-07 14:40:00,7.7,0
2026-04-07 14:45:00,9.3,0
2026-04-07 14:50:00,7.2,0
2026-04-07 14:55:00,9.8,0
2026-04-07 15:00:00,11.2,0
2026-04-07 15:05:00,8.8,0
2026-04-07 15:10:00,5.5,0
2026-04-07 15:15:00,8.2,0
2026-04-07 15:20:00,10.7,0
2026-04-07 15:25:00,6.7,0
2026-04-07 15:30:00,6.7,0
2026-04-07 15:35:00,10.3,0
2026-04-07 15:40:00,5.1,0
2026-04-07 15:45:00,8.4,0
2026-04-07 15:50:00,6.8,0
2026-04-07 15:55:00,7.1,0
2026-04-07 16:00:00,11.4,0
2026-04-07 16:05:00,7.0,0
2026-04-07 16:10:00,8.2,0
2026-04-07 16:15:00,10.1,0
2026-04-07 16:20:00,5.4,0
2026-04-07 16:25:00,9.7,0
2026-04-07 16:30:00,7.1,0
2026-04-07 16:35:00,5.4,0
2026-04-07 16:40:00,7.0,0
2026-04-07 16:45:00,8.1,0
2026-04-07 16:50:00,8.5,0
2026-04-07 16:55:00,6.5,0
2026-04-07 17:00:00,7.6,0
2026-04-07 17:05:00,29.4,1
2026-04-07 17:10:00,38.6,1
2026-04-07 17:15:00,5.3,0
2026-04-07 17:20:00,7.8,0
2026-04-07 17:25:00,6.3,0
2026-04-07 17:30:00,12.1,0
2026-04-07 17:35:00,8.8,0
2026-04-07 17:40:00,4.7,0
2026-04-07 17:45:00,40.8,1
2026-04-07 17:50:00,35.8,1
2026-04-07 17:55:00,46.0,1
2026-04-07 18:00:00,4.9,0
2026-04-07 18:05:00,42.1,1
2026-04-07 18:10:00,9.3,0
2026-04-07 18:15:00,32.1,1
2026-04-07 18:20:00,9.2,0
2026-04-07 18:25:00,37.2,1
2026-04-07 18:30:00,34.6,1
2026-04-07 18:35:00,5.4,0
2026-04-07 18:40:00,9.9,0
2026-04-07 18:45:00,11.9,0
2026-04-07 18:50:00,8.6,0
2026-04-07 18:55:00,9.9,0
2026-04-07 19:00:00,36.5,1
2026-04-07 19:05:00,8.0,0
2026-04-07 19:10:00,7.9,0
2026-04-07 19:15:00,40.6,1
2026-04-07 19:20:00,37.0,1
2026-04-07 19:25:00,13.6,0
2026-04-07 19:30:00,9.6,0
2026-04-07 19:35:00,10.6,0
2026-04-07 19:40:00,8.5,0
2026-04-07 19:45:00,35.7,1
2026-04-07 19:50:00,8.9,0
2026-04-07 19:55:00,38.4,1
2026-04-07 20:00:00,10.8,0
2026-04-07 20:05:00,41.0,1
2026-04-07 20:10:00,5.1,0
2026-04-07 20:15:00,7.4,0
2026-04-07 20:20:00,5.1,0
2026-04-07 20:25:00,41.0,1
2026-04-07 20:30:00,40.5,1
2026-04-07 20:35:00,43.5,1
2026-04-07 20:40:00,9.5,0
2026-04-07 20:45:00,37.6,1
2026-04-07 20:50:00,36.6,1
2026-04-07 20:55:00,37.4,1
2026-04-07 21:00:00,6.2,0
2026-04-07 21:05:00,9.9,0
2026-04-07 21:10:00,5.1,0
2026-04-07 21:15:00,11.8,0
2026-04-07 21:20:00,9.5,0
2026-04-07 21:25:00,7.3,0
2026-04-07 21:30:00,5.7,0
2026-04-07 21:35:00,6.9,0
2026-04-07 21:40:00,7.5,0
2026-04-07 21:45:00,8.4,0
2026-04-07 21:50:00,8.0,0
2026-04-07 21:55:00,6.7,0
2026-04-07 22:00:00,10.3,0
2026-04-07 22:05:00,4.6,0
2026-04-07 22:10:00,9.1,0
2026-04-07 22:15:00,8.4,0
2026-04-07 22:20:00,8.0,0
2026-04-07 22:25:00,9.3,0
2026-04-07 22:30:00,6.7,0
2026-04-07 22:35:00,6.5,0
2026-04-07 22:40:00,7.4,0
2026-04-07 22:45:00,6.9,0
2026-04-07 22:50:00,7.5,0
2026-04-07 22:55:00,9.4,0
2026-04-07 23:00:00,8.2,0
2026-04-07 23:05:00,8.1,0
2026-04-07 23:10:00,8.5,0
2026-04-07 23:15:00,7.3,0
2026-04-07 23:20:00,9.8,0
2026-04-07 23:25:00,9.1,0
2026-04-07 23:30:00,8.0,0
2026-04-07 23:35:00,5.7,0
2026-04-07 23:40:00,10.6,0
2026-04-07 23:45:00,9.3,0
2026-04-07 23:50:00,9.1,0
2026-04-07 23:55:00,11.4,0
2026-04-08 00:00:00,9.4,0
2026-04-08 00:05:00,7.9,0
2026-04-08 00:10:00,7.0,0
2026-04-08 00:15:00,6.9,0
2026-04-08 00:20:00,8.6,0
2026-04-08 00:25:00,9.9,0
2026-04-08 00:30:00,10.0,0
2026-04-08 00:35:00,5.2,0
2026-04-08 00:40:00,9.8,0
2026-04-08 00:45:00,7.4,0
2026-04-08 00:50:00,6.8,0
2026-04-08 00:55:00,8.7,0
2026-04-08 01:00:00,9.6,0
2026-04-08 01:05:00,5.5,0
2026-04-08 01:10:00,8.4,0
2026-04-08 01:15:00,4.8,0
2026-04-08 01:20:00,9.6,0
2026-04-08 01:25:00,5.8,0
2026-04-08 01:30:00,8.4,0
2026-04-08 01:35:00,7.3,0
2026-04-08 01:40:00,6.9,0
2026-04-08 01:45:00,4.0,0
2026-04-08 01:50:00,5.2,0
2026-04-08 01:55:00,7.8,0
2026-04-08 02:00:00,6.1,0
2026-04-08 02:05:00,7.4,0
2026-04-08 02:10:00,6.4,0
2026-04-08 02:15:00,7.4,0
2026-04-08 02:20:00,5.6,0
2026-04-08 02:25:00,7.0,0
2026-04-08 02:30:00,7.5,0
2026-04-08 02:35:00,8.1,0
2026-04-08 02:40:00,4.4,0
2026-04-08 02:45:00,8.1,0
2026-04-08 02:50:00,5.8,0
2026-04-08 02:55:00,5.3,0
2026-04-08 03:00:00,10.5,0
2026-04-08 03:05:00,9.5,0
2026-04-08 03:10:00,9.1,0
2026-04-08 03:15:00,7.6,0
2026-04-08 03:20:00,6.8,0
2026-04-08 03:25:00,11.0,0
2026-04-08 03:30:00,8.3,0
2026-04-08 03:35:00,6.2,0
2026-04-08 03:40:00,6.0,0
2026-04-08 03:45:00,8.6,0
2026-04-08 03:50:00,7.3,0
2026-04-08 03:55:00,10.1,0
2026-04-08 04:00:00,8.1,0
2026-04-08 04:05:00,5.6,0
2026-04-08 04:10:00,11.7,0
2026-04-08 04:15:00,6.0,0
2026-04-08 04:20:00,5.6,0
2026-04-08 04:25:00,7.8,0
2026-04-08 04:30:00,8.9,0
2026-04-08 04:35:00,6.2,0
2026-04-08 04:40:00,9.4,0
2026-04-08 04:45:00,7.0,0
2026-04-08 04:50:00,12.9,0
2026-04-08 04:55:00,8.7,0
2026-04-08 05:00:00,5.8,0
2026-04-08 05:05:00,6.6,0
2026-04-08 05:10:00,9.0,0
2026-04-08 05:15:00,6.4,0
2026-04-08 05:20:00,7.8,0
2026-04-08 05:25:00,11.9,0
2026-04-08 05:30:00,9.3,0
2026-04-08 05:35:00,9.2,0
2026-04-08 05:40:00,12.0,0
2026-04-08 05:45:00,6.5,0
2026-04-08 05:50:00,8.0,0
2026-04-08 05:55:00,7.4,0
2026-04-08 06:00:00,6.7,0
2026-04-08 06:05:00,7.5,0
2026-04-08 06:10:00,7.1,0
2026-04-08 06:15:00,6.7,0
2026-04-08 06:20:00,7.4,0
2026-04-08 06:25:00,6.7,0
2026-04-08 06:30:00,8.6,0
2026-04-08 06:35:00,6.1,0
2026-04-08 06:40:00,10.0,0
2026-04-08 06:45:00,9.5,0
2026-04-08 06:50:00,8.9,0
2026-04-08 06:55:00,7.1,0
2026-04-08 07:00:00,8.1,0
2026-04-08 07:05:00,7.7,0
2026-04-08 07:10:00,8.1,0
2026-04-08 07:15:00,5.3,0
2026-04-08 07:20:00,8.2,0
2026-04-08 07:25:00,8.7,0
2026-04-08 07:30:00,10.9,0
2026-04-08 07:35:00,6.0,0
2026-04-08 07:40:00,5.6,0
2026-04-08 07:45:00,10.0,0
2026-04-08 07:50:00,5.0,0
2026-04-08 07:55:00,10.9,0
2026-04-08 08:00:00,34.8,1
2026-04-08 08:05:00,9.2,0
2026-04-08 08:10:00,5.0,0
2026-04-08 08:15:00,34.7,1
2026-04-08 08:20:00,7.9,0
2026-04-08 08:25:00,8.6,0
2026-04-08 08:30:00,9.1,0
2026-04-08 08:35:00,6.5,0
2026-04-08 08:40:00,10.1,0
2026-04-08 08:45:00,9.0,0
2026-04-08 08:50:00,9.0,0
2026-04-08 08:55:00,7.6,0
2026-04-08 09:00:00,8.8,0
2026-04-08 09:05:00,41.0,1
2026-04-08 09:10:00,41.3,1
2026-04-08 09:15:00,11.3,0
2026-04-08 09:20:00,27.4,1
2026-04-08 09:25:00,41.8,1
2026-04-08 09:30:00,36.4,1
2026-04-08 09:35:00,35.5,1
2026-04-08 09:40:00,36.7,1
2026-04-08 09:45:00,33.0,1
2026-04-08 09:50:00,8.9,0
2026-04-08 09:55:00,37.3,1
2026-04-08 10:00:00,10.7,0
2026-04-08 10:05:00,45.7,1
2026-04-08 10:10:00,31.8,1
2026-04-08 10:15:00,3.3,0
2026-04-08 10:20:00,6.1,0
2026-04-08 10:25:00,7.1,0
2026-04-08 10:30:00,7.9,0
2026-04-08 10:35:00,8.9,0
2026-04-08 10:40:00,9.8,0
2026-04-08 10:45:00,40.5,1
2026-04-08 10:50:00,8.2,0
2026-04-08 10:55:00,6.0,0
2026-04-08 11:00:00,5.3,0
2026-04-08 11:05:00,8.6,0
2026-04-08 11:10:00,8.2,0
2026-04-08 11:15:00,9.0,0
2026-04-08 11:20:00,9.2,0
2026-04-08 11:25:00,7.0,0
2026-04-08 11:30:00,10.2,0
2026-04-08 11:35:00,6.2,0
2026-04-08 11:40:00,5.9,0
2026-04-08 11:45:00,8.8,0
2026-04-08 11:50:00,8.4,0
2026-04-08 11:55:00,6.4,0
2026-04-08 12:00:00,6.3,0
2026-04-08 12:05:00,8.8,0
2026-04-08 12:10:00,8.5,0
2026-04-08 12:15:00,5.9,0
2026-04-08 12:20:00,6.7,0
2026-04-08 12:25:00,6.2,0
2026-04-08 12:30:00,3.8,0
2026-04-08 12:35:00,10.7,0
2026-04-08 12:40:00,8.5,0
2026-04-08 12:45:00,10.3,0
2026-04-08 12:50:00,7.4,0
2026-04-08 12:55:00,6.1,0
2026-04-08 13:00:00,6.3,0
2026-04-08 13:05:00,6.2,0
2026-04-08 13:10:00,7.0,0
2026-04-08 13:15:00,4.9,0
2026-04-08 13:20:00,7.2,0
2026-04-08 13:25:00,6.9,0
2026-04-08 13:30:00,9.7,0
2026-04-08 13:35:00,9.1,0
2026-04-08 13:40:00,7.2,0
2026-04-08 13:45:00,9.0,0
2026-04-08 13:50:00,5.8,0
2026-04-08 13:55:00,5.5,0
2026-04-08 14:00:00,7.8,0
2026-04-08 14:05:00,8.2,0
2026-04-08 14:10:00,7.7,0
2026-04-08 14:15:00,10.7,0
2026-04-08 14:20:00,9.4,0
2026-04-08 14:25:00,10.1,0
2026-04-08 14:30:00,6.9,0
2026-04-08 14:35:00,8.7,0
2026-04-08 14:40:00,5.9,0
2026-04-08 14:45:00,6.5,0
2026-04-08 14:50:00,8.7,0
2026-04-08 14:55:00,6.2,0
2026-04-08 15:00:00,6.4,0
2026-04-08 15:05:00,8.9,0
2026-04-08 15:10:00,6.5,0
2026-04-08 15:15:00,9.9,0
2026-04-08 15:20:00,7.6,0
2026-04-08 15:25:00,7.7,0
2026-04-08 15:30:00,8.5,0
2026-04-08 15:35:00,7.7,0
2026-04-08 15:40:00,8.6,0
2026-04-08 15:45:00,6.2,0
2026-04-08 15:50:00,2.6,0
2026-04-08 15:55:00,5.2,0
2026-04-08 16:00:00,7.1,0
2026-04-08 16:05:00,9.0,0
2026-04-08 16:10:00,12.3,0
2026-04-08 16:15:00,6.8,0
2026-04-08 16:20:00,6.7,0
2026-04-08 16:25:00,8.7,0
2026-04-08 16:30:00,8.4,0
2026-04-08 16:35:00,8.5,0
2026-04-08 16:40:00,7.5,0
2026-04-08 16:45:00,4.0,0
2026-04-08 16:50:00,8.4,0
2026-04-08 16:55:00,7.9,0
2026-04-08 17:00:00,4.8,0
2026-04-08 17:05:00,9.2,0
2026-04-08 17:10:00,41.9,1
2026-04-08 17:15:00,9.1,0
2026-04-08 17:20:00,7.2,0
2026-04-08 17:25:00,40.3,1
2026-04-08 17:30:00,6.2,0
2026-04-08 17:35:00,5.2,0
2026-04-08 17:40:00,44.1,1
2026-04-08 17:45:00,41.9,1
2026-04-08 17:50:00,7.7,0
2026-04-08 17:55:00,7.9,0
2026-04-08 18:00:00,40.7,1
2026-04-08 18:05:00,11.9,0
2026-04-08 18:10:00,6.8,0
2026-04-08 18:15:00,42.2,1
2026-04-08 18:20:00,7.6,0
2026-04-08 18:25:00,9.9,0
2026-04-08 18:30:00,42.0,1
2026-04-08 18:35:00,5.5,0
2026-04-08 18:40:00,8.8,0
2026-04-08 18:45:00,5.0,0
2026-04-08 18:50:00,36.6,1
2026-04-08 18:55:00,7.0,0
2026-04-08 19:00:00,40.5,1
2026-04-08 19:05:00,7.3,0
2026-04-08 19:10:00,36.9,1
2026-04-08 19:15:00,8.3,0
2026-04-08 19:20:00,6.6,0
2026-04-08 19:25:00,8.9,0
2026-04-08 19:30:00,6.3,0
2026-04-08 19:35:00,5.5,0
2026-04-08 19:40:00,5.7,0
2026-04-08 19:45:00,7.2,0
2026-04-08 19:50:00,32.7,1
2026-04-08 19:55:00,7.9,0
2026-04-08 20:00:00,7.1,0
2026-04-08 20:05:00,7.9,0
2026-04-08 20:10:00,5.6,0
2026-04-08 20:15:00,4.6,0
2026-04-08 20:20:00,6.0,0
2026-04-08 20:25:00,5.9,0
2026-04-08 20:30:00,12.8,0
2026-04-08 20:35:00,45.3,1
2026-04-08 20:40:00,35.8,1
2026-04-08 20:45:00,42.4,1
2026-04-08 20:50:00,40.1,1
2026-04-08 20:55:00,6.6,0
2026-04-08 21:00:00,11.3,0
2026-04-08 21:05:00,8.9,0
2026-04-08 21:10:00,6.0,0
2026-04-08 21:15:00,11.3,0
2026-04-08 21:20:00,11.2,0
2026-04-08 21:25:00,5.9,0
2026-04-08 21:30:00,8.7,0
2026-04-08 21:35:00,4.1,0
2026-04-08 21:40:00,7.2,0
2026-04-08 21:45:00,7.2,0
2026-04-08 21:50:00,7.2,0
2026-04-08 21:55:00,11.2,0
2026-04-08 22:00:00,5.3,0
2026-04-08 22:05:00,7.6,0
2026-04-08 22:10:00,9.5,0
2026-04-08 22:15:00,5.4,0
2026-04-08 22:20:00,6.2,0
2026-04-08 22:25:00,10.2,0
2026-04-08 22:30:00,10.7,0
2026-04-08 22:35:00,7.1,0
2026-04-08 22:40:00,9.7,0
2026-04-08 22:45:00,11.1,0
2026-04-08 22:50:00,7.2,0
2026-04-08 22:55:00,9.6,0
2026-04-08 23:00:00,7.2,0
2026-04-08 23:05:00,5.3,0
2026-04-08 23:10:00,8.0,0
2026-04-08 23:15:00,7.5,0
2026-04-08 23:20:00,6.1,0
2026-04-08 23:25:00,7.3,0
2026-04-08 23:30:00,7.5,0
2026-04-08 23:35:00,8.6,0
2026-04-08 23:40:00,10.1,0
2026-04-08 23:45:00,10.1,0
2026-04-08 23:50:00,7.8,0
2026-04-08 23:55:00,6.9,0
2026-04-09 00:00:00,10.7,0
2026-04-09 00:05:00,7.8,0
2026-04-09 00:10:00,6.8,0
2026-04-09 00:15:00,8.3,0
2026-04-09 00:20:00,4.3,0
2026-04-09 00:25:00,7.1,0
2026-04-09 00:30:00,6.9,0
2026-04-09 00:35:00,6.4,0
2026-04-09 00:40:00,8.8,0
2026-04-09 00:45:00,10.2,0
2026-04-09 00:50:00,11.4,0
2026-04-09 00:55:00,7.0,0
2026-04-09 01:00:00,7.4,0
2026-04-09 01:05:00,6.6,0
2026-04-09 01:10:00,9.1,0
2026-04-09 01:15:00,4.3,0
2026-04-09 01:20:00,7.2,0
2026-04-09 01:25:00,8.6,0
2026-04-09 01:30:00,6.8,0
2026-04-09 01:35:00,7.1,0
2026-04-09 01:40:00,10.0,0
2026-04-09 01:45:00,7.9,0
2026-04-09 01:50:00,10.4,0
2026-04-09 01:55:00,11.3,0
2026-04-09 02:00:00,9.1,0
2026-04-09 02:05:00,7.4,0
2026-04-09 02:10:00,11.2,0
2026-04-09 02:15:00,2.9,0
2026-04-09 02:20:00,4.9,0
2026-04-09 02:25:00,9.5,0
2026-04-09 02:30:00,12.9,0
2026-04-09 02:35:00,9.4,0
2026-04-09 02:40:00,8.4,0
2026-04-09 02:45:00,7.1,0
2026-04-09 02:50:00,9.1,0
2026-04-09 02:55:00,10.3,0
2026-04-09 03:00:00,9.5,0
2026-04-09 03:05:00,8.1,0
2026-04-09 03:10:00,10.1,0
2026-04-09 03:15:00,8.6,0
2026-04-09 03:20:00,9.0,0
2026-04-09 03:25:00,9.9,0
2026-04-09 03:30:00,6.1,0
2026-04-09 03:35:00,8.0,0
2026-04-09 03:40:00,8.2,0
2026-04-09 03:45:00,5.6,0
2026-04-09 03:50:00,5.8,0
2026-04-09 03:55:00,6.7,0
2026-04-09 04:00:00,10.1,0
2026-04-09 04:05:00,7.6,0
2026-04-09 04:10:00,8.3,0
2026-04-09 04:15:00,8.6,0
2026-04-09 04:20:00,9.3,0
2026-04-09 04:25:00,9.0,0
2026-04-09 04:30:00,8.1,0
2026-04-09 04:35:00,7.7,0
2026-04-09 04:40:00,10.2,0
2026-04-09 04:45:00,7.0,0
2026-04-09 04:50:00,10.7,0
2026-04-09 04:55:00,6.9,0
2026-04-09 05:00:00,7.4,0
2026-04-09 05:05:00,9.4,0
2026-04-09 05:10:00,12.7,0
2026-04-09 05:15:00,4.1,0
2026-04-09 05:20:00,9.7,0
2026-04-09 05:25:00,8.9,0
2026-04-09 05:30:00,7.1,0
2026-04-09 05:35:00,8.7,0
2026-04-09 05:40:00,5.6,0
2026-04-09 05:45:00,6.4,0
2026-04-09 05:50:00,8.9,0
2026-04-09 05:55:00,6.0,0
2026-04-09 06:00:00,8.3,0
2026-04-09 06:05:00,6.7,0
2026-04-09 06:10:00,7.1,0
2026-04-09 06:15:00,10.2,0
2026-04-09 06:20:00,5.7,0
2026-04-09 06:25:00,7.9,0
2026-04-09 06:30:00,9.0,0
2026-04-09 06:35:00,8.5,0
2026-04-09 06:40:00,6.8,0
2026-04-09 06:45:00,8.7,0
2026-04-09 06:50:00,5.9,0
2026-04-09 06:55:00,7.0,0
2026-04-09 07:00:00,11.2,0
2026-04-09 07:05:00,9.3,0
2026-04-09 07:10:00,8.0,0
2026-04-09 07:15:00,8.9,0
2026-04-09 07:20:00,6.4,0
2026-04-09 07:25:00,8.6,0
2026-04-09 07:30:00,7.1,0
2026-04-09 07:35:00,6.8,0
2026-04-09 07:40:00,7.8,0
2026-04-09 07:45:00,6.8,0
2026-04-09 07:50:00,8.3,0
2026-04-09 07:55:00,8.8,0
2026-04-09 08:00:00,7.5,0
2026-04-09 08:05:00,34.4,1
2026-04-09 08:10:00,34.9,1
2026-04-09 08:15:00,5.8,0
2026-04-09 08:20:00,39.6,1
2026-04-09 08:25:00,6.5,0
2026-04-09 08:30:00,7.0,0
2026-04-09 08:35:00,9.7,0
2026-04-09 08:40:00,6.4,0
2026-04-09 08:45:00,39.6,1
2026-04-09 08:50:00,36.5,1
2026-04-09 08:55:00,31.7,1
2026-04-09 09:00:00,41.2,1
2026-04-09 09:05:00,7.0,0
2026-04-09 09:10:00,26.3,1
2026-04-09 09:15:00,6.1,0
2026-04-09 09:20:00,39.4,1
2026-04-09 09:25:00,12.4,0
2026-04-09 09:30:00,42.5,1
2026-04-09 09:35:00,8.7,0
2026-04-09 09:40:00,6.7,0
2026-04-09 09:45:00,30.6,1
2026-04-09 09:50:00,10.4,0
2026-04-09 09:55:00,6.8,0
2026-04-09 10:00:00,38.6,1
2026-04-09 10:05:00,10.7,0
2026-04-09 10:10:00,3.9,0
2026-04-09 10:15:00,9.7,0
2026-04-09 10:20:00,36.5,1
2026-04-09 10:25:00,38.8,1
2026-04-09 10:30:00,6.4,0
2026-04-09 10:35:00,41.9,1
2026-04-09 10:40:00,4.5,0
2026-04-09 10:45:00,32.6,1
2026-04-09 10:50:00,37.1,1
2026-04-09 10:55:00,10.6,0
2026-04-09 11:00:00,6.6,0
2026-04-09 11:05:00,8.4,0
2026-04-09 11:10:00,11.0,0
2026-04-09 11:15:00,7.9,0
2026-04-09 11:20:00,8.9,0
2026-04-09 11:25:00,9.4,0
2026-04-09 11:30:00,4.9,0
2026-04-09 11:35:00,7.0,0
2026-04-09 11:40:00,10.3,0
2026-04-09 11:45:00,3.9,0
2026-04-09 11:50:00,10.2,0
2026-04-09 11:55:00,6.8,0
2026-04-09 12:00:00,12.1,0
2026-04-09 12:05:00,8.9,0
2026-04-09 12:10:00,6.4,0
2026-04-09 12:15:00,10.0,0
2026-04-09 12:20:00,10.9,0
2026-04-09 12:25:00,9.2,0
2026-04-09 12:30:00,7.1,0
2026-04-09 12:35:00,10.9,0
2026-04-09 12:40:00,6.1,0
2026-04-09 12:45:00,10.1,0
2026-04-09 12:50:00,3.2,0
2026-04-09 12:55:00,8.2,0
2026-04-09 13:00:00,6.9,0
2026-04-09 13:05:00,5.3,0
2026-04-09 13:10:00,10.6,0
2026-04-09 13:15:00,3.7,0
2026-04-09 13:20:00,10.8,0
2026-04-09 13:25:00,4.9,0
2026-04-09 13:30:00,10.1,0
2026-04-09 13:35:00,6.4,0
2026-04-09 13:40:00,4.1,0
2026-04-09 13:45:00,7.1,0
2026-04-09 13:50:00,9.1,0
2026-04-09 13:55:00,6.2,0
2026-04-09 14:00:00,8.5,0
2026-04-09 14:05:00,9.4,0
2026-04-09 14:10:00,11.0,0
2026-04-09 14:15:00,8.1,0
2026-04-09 14:20:00,10.3,0
2026-04-09 14:25:00,9.7,0
2026-04-09 14:30:00,7.8,0
2026-04-09 14:35:00,10.3,0
2026-04-09 14:40:00,9.8,0
2026-04-09 14:45:00,7.7,0
2026-04-09 14:50:00,9.4,0
2026-04-09 14:55:00,8.5,0
2026-04-09 15:00:00,9.1,0
2026-04-09 15:05:00,11.8,0
2026-04-09 15:10:00,6.4,0
2026-04-09 15:15:00,8.5,0
2026-04-09 15:20:00,8.1,0
2026-04-09 15:25:00,9.6,0
2026-04-09 15:30:00,7.1,0
2026-04-09 15:35:00,6.9,0
2026-04-09 15:40:00,7.9,0
2026-04-09 15:45:00,9.0,0
2026-04-09 15:50:00,7.1,0
2026-04-09 15:55:00,2.7,0
2026-04-09 16:00:00,6.1,0
2026-04-09 16:05:00,10.8,0
2026-04-09 16:10:00,11.1,0
2026-04-09 16:15:00,7.0,0
2026-04-09 16:20:00,11.6,0
2026-04-09 16:25:00,7.3,0
2026-04-09 16:30:00,4.9,0
2026-04-09 16:35:00,7.4,0
2026-04-09 16:40:00,9.5,0
2026-04-09 16:45:00,6.9,0
2026-04-09 16:50:00,9.2,0
2026-04-09 16:55:00,8.5,0
2026-04-09 17:00:00,37.3,1
2026-04-09 17:05:00,9.6,0
2026-04-09 17:10:00,10.5,0
2026-04-09 17:15:00,30.2,1
2026-04-09 17:20:00,40.3,1
2026-04-09 17:25:00,5.1,0
2026-04-09 17:30:00,10.8,0
2026-04-09 17:35:00,44.5,1
2026-04-09 17:40:00,40.7,1
2026-04-09 17:45:00,38.5,1
2026-04-09 17:50:00,7.2,0
2026-04-09 17:55:00,41.5,1
2026-04-09 18:00:00,35.6,1
2026-04-09 18:05:00,5.6,0
2026-04-09 18:10:00,6.6,0
2026-04-09 18:15:00,10.0,0
2026-04-09 18:20:00,10.3,0
2026-04-09 18:25:00,34.5,1
2026-04-09 18:30:00,40.1,1
2026-04-09 18:35:00,8.8,0
2026-04-09 18:40:00,38.9,1
2026-04-09 18:45:00,10.3,0
2026-04-09 18:50:00,7.9,0
2026-04-09 18:55:00,5.9,0
2026-04-09 19:00:00,11.0,0
2026-04-09 19:05:00,8.1,0
2026-04-09 19:10:00,39.3,1
2026-04-09 19:15:00,12.1,0
2026-04-09 19:20:00,6.9,0
2026-04-09 19:25:00,34.6,1
2026-04-09 19:30:00,32.0,1
2026-04-09 19:35:00,6.3,0
2026-04-09 19:40:00,33.8,1
2026-04-09 19:45:00,34.6,1
2026-04-09 19:50:00,29.8,1
2026-04-09 19:55:00,4.1,0
2026-04-09 20:00:00,39.9,1
2026-04-09 20:05:00,32.8,1
2026-04-09 20:10:00,32.6,1
2026-04-09 20:15:00,6.1,0
2026-04-09 20:20:00,37.0,1
2026-04-09 20:25:00,8.0,0
2026-04-09 20:30:00,7.4,0
2026-04-09 20:35:00,6.6,0
2026-04-09 20:40:00,34.4,1
2026-04-09 20:45:00,31.7,1
2026-04-09 20:50:00,32.1,1
2026-04-09 20:55:00,5.5,0
2026-04-09 21:00:00,10.7,0
2026-04-09 21:05:00,6.9,0
2026-04-09 21:10:00,13.6,0
2026-04-09 21:15:00,5.4,0
2026-04-09 21:20:00,5.9,0
2026-04-09 21:25:00,7.6,0
2026-04-09 21:30:00,7.3,0
2026-04-09 21:35:00,5.7,0
2026-04-09 21:40:00,10.9,0
2026-04-09 21:45:00,10.7,0
2026-04-09 21:50:00,7.3,0
2026-04-09 21:55:00,10.0,0
2026-04-09 22:00:00,10.8,0
2026-04-09 22:05:00,8.0,0
2026-04-09 22:10:00,6.7,0
2026-04-09 22:15:00,10.6,0
2026-04-09 22:20:00,10.3,0
2026-04-09 22:25:00,5.5,0
2026-04-09 22:30:00,10.8,0
2026-04-09 22:35:00,6.0,0
2026-04-09 22:40:00,8.8,0
2026-04-09 22:45:00,6.4,0
2026-04-09 22:50:00,8.3,0
2026-04-09 22:55:00,8.2,0
2026-04-09 23:00:00,12.5,0
2026-04-09 23:05:00,4.8,0
2026-04-09 23:10:00,6.5,0
2026-04-09 23:15:00,7.1,0
2026-04-09 23:20:00,8.7,0
2026-04-09 23:25:00,7.4,0
2026-04-09 23:30:00,3.6,0
2026-04-09 23:35:00,9.5,0
2026-04-09 23:40:00,10.7,0
2026-04-09 23:45:00,8.9,0
2026-04-09 23:50:00,7.1,0
2026-04-09 23:55:00,8.4,0
2026-04-10 00:00:00,5.6,0
2026-04-10 00:05:00,10.1,0
2026-04-10 00:10:00,9.0,0
2026-04-10 00:15:00,6.9,0
2026-04-10 00:20:00,8.2,0
2026-04-10 00:25:00,10.1,0
2026-04-10 00:30:00,10.3,0
2026-04-10 00:35:00,7.9,0
2026-04-10 00:40:00,12.3,0
2026-04-10 00:45:00,10.7,0
2026-04-10 00:50:00,9.1,0
2026-04-10 00:55:00,7.2,0
2026-04-10 01:00:00,7.3,0
2026-04-10 01:05:00,8.4,0
2026-04-10 01:10:00,7.8,0
2026-04-10 01:15:00,11.4,0
2026-04-10 01:20:00,6.1,0
2026-04-10 01:25:00,9.0,0
2026-04-10 01:30:00,4.0,0
2026-04-10 01:35:00,8.8,0
2026-04-10 01:40:00,9.7,0
2026-04-10 01:45:00,10.9,0
2026-04-10 01:50:00,6.8,0
2026-04-10 01:55:00,6.6,0
2026-04-10 02:00:00,10.0,0
2026-04-10 02:05:00,10.4,0
2026-04-10 02:10:00,7.5,0
2026-04-10 02:15:00,4.1,0
2026-04-10 02:20:00,5.9,0
2026-04-10 02:25:00,7.8,0
2026-04-10 02:30:00,5.2,0
2026-04-10 02:35:00,9.5,0
2026-04-10 02:40:00,6.5,0
2026-04-10 02:45:00,7.9,0
2026-04-10 02:50:00,10.2,0
2026-04-10 02:55:00,8.7,0
2026-04-10 03:00:00,11.9,0
2026-04-10 03:05:00,10.8,0
2026-04-10 03:10:00,5.9,0
2026-04-10 03:15:00,9.2,0
2026-04-10 03:20:00,8.3,0
2026-04-10 03:25:00,10.4,0
2026-04-10 03:30:00,9.0,0
2026-04-10 03:35:00,7.0,0
2026-04-10 03:40:00,9.0,0
2026-04-10 03:45:00,7.3,0
2026-04-10 03:50:00,6.7,0
2026-04-10 03:55:00,7.8,0
2026-04-10 04:00:00,8.5,0
2026-04-10 04:05:00,10.6,0
2026-04-10 04:10:00,7.0,0
2026-04-10 04:15:00,4.2,0
2026-04-10 04:20:00,7.6,0
2026-04-10 04:25:00,8.5,0
2026-04-10 04:30:00,8.4,0
2026-04-10 04:35:00,7.5,0
2026-04-10 04:40:00,9.9,0
2026-04-10 04:45:00,8.6,0
2026-04-10 04:50:00,9.2,0
2026-04-10 04:55:00,4.3,0
2026-04-10 05:00:00,7.7,0
2026-04-10 05:05:00,7.7,0
2026-04-10 05:10:00,11.4,0
2026-04-10 05:15:00,7.8,0
2026-04-10 05:20:00,6.7,0
2026-04-10 05:25:00,6.6,0
2026-04-10 05:30:00,10.0,0
2026-04-10 05:35:00,6.8,0
2026-04-10 05:40:00,6.3,0
2026-04-10 05:45:00,9.8,0
2026-04-10 05:50:00,8.8,0
2026-04-10 05:55:00,7.5,0
2026-04-10 06:00:00,5.3,0
2026-04-10 06:05:00,9.1,0
2026-04-10 06:10:00,9.7,0
2026-04-10 06:15:00,6.1,0
2026-04-10 06:20:00,8.7,0
2026-04-10 06:25:00,7.8,0
2026-04-10 06:30:00,6.2,0
2026-04-10 06:35:00,7.1,0
2026-04-10 06:40:00,7.9,0
2026-04-10 06:45:00,5.4,0
2026-04-10 06:50:00,9.1,0
2026-04-10 06:55:00,6.6,0
2026-04-10 07:00:00,6.7,0
2026-04-10 07:05:00,9.0,0
2026-04-10 07:10:00,7.1,0
2026-04-10 07:15:00,7.6,0
2026-04-10 07:20:00,7.8,0
2026-04-10 07:25:00,6.4,0
2026-04-10 07:30:00,7.0,0
2026-04-10 07:35:00,8.0,0
2026-04-10 07:40:00,8.0,0
2026-04-10 07:45:00,9.1,0
2026-04-10 07:50:00,9.1,0
2026-04-10 07:55:00,10.4,0
2026-04-10 08:00:00,5.0,0
2026-04-10 08:05:00,9.8,0
2026-04-10 08:10:00,40.1,1
2026-04-10 08:15:00,9.3,0
2026-04-10 08:20:00,8.7,0
2026-04-10 08:25:00,6.8,0
2026-04-10 08:30:00,36.7,1
2026-04-10 08:35:00,31.9,1
2026-04-10 08:40:00,43.8,1
2026-04-10 08:45:00,12.4,0
2026-04-10 08:50:00,6.1,0
2026-04-10 08:55:00,8.1,0
2026-04-10 09:00:00,9.1,0
2026-04-10 09:05:00,35.2,1
2026-04-10 09:10:00,40.1,1
2026-04-10 09:15:00,10.0,0
2026-04-10 09:20:00,7.0,0
2026-04-10 09:25:00,37.6,1
2026-04-10 09:30:00,6.7,0
2026-04-10 09:35:00,12.0,0
2026-04-10 09:40:00,3.3,0
2026-04-10 09:45:00,38.4,1
2026-04-10 09:50:00,38.1,1
2026-04-10 09:55:00,4.9,0
2026-04-10 10:00:00,32.5,1
2026-04-10 10:05:00,4.1,0
2026-04-10 10:10:00,47.0,1
2026-04-10 10:15:00,35.0,1
2026-04-10 10:20:00,41.3,1
2026-04-10 10:25:00,34.8,1
2026-04-10 10:30:00,8.3,0
2026-04-10 10:35:00,12.2,0
2026-04-10 10:40:00,9.7,0
2026-04-10 10:45:00,33.6,1
2026-04-10 10:50:00,43.5,1
2026-04-10 10:55:00,10.2,0
2026-04-10 11:00:00,4.7,0
2026-04-10 11:05:00,6.5,0
2026-04-10 11:10:00,8.0,0
2026-04-10 11:15:00,6.9,0
2026-04-10 11:20:00,11.2,0
2026-04-10 11:25:00,8.4,0
2026-04-10 11:30:00,8.1,0
2026-04-10 11:35:00,6.2,0
2026-04-10 11:40:00,5.8,0
2026-04-10 11:45:00,8.2,0
2026-04-10 11:50:00,7.8,0
2026-04-10 11:55:00,5.6,0
2026-04-10 12:00:00,8.5,0
2026-04-10 12:05:00,8.1,0
2026-04-10 12:10:00,7.4,0
2026-04-10 12:15:00,10.4,0
2026-04-10 12:20:00,8.0,0
2026-04-10 12:25:00,7.5,0
2026-04-10 12:30:00,10.3,0
2026-04-10 12:35:00,7.7,0
2026-04-10 12:40:00,7.2,0
2026-04-10 12:45:00,5.7,0
2026-04-10 12:50:00,8.1,0
2026-04-10 12:55:00,9.9,0
2026-04-10 13:00:00,7.2,0
2026-04-10 13:05:00,5.3,0
2026-04-10 13:10:00,10.0,0
2026-04-10 13:15:00,10.1,0
2026-04-10 13:20:00,9.2,0
2026-04-10 13:25:00,8.2,0
2026-04-10 13:30:00,8.8,0
2026-04-10 13:35:00,4.9,0
2026-04-10 13:40:00,6.8,0
2026-04-10 13:45:00,9.4,0
2026-04-10 13:50:00,8.7,0
2026-04-10 13:55:00,9.8,0
2026-04-10 14:00:00,11.1,0
2026-04-10 14:05:00,5.5,0
2026-04-10 14:10:00,9.0,0
2026-04-10 14:15:00,7.5,0
2026-04-10 14:20:00,7.1,0
2026-04-10 14:25:00,12.9,0
2026-04-10 14:30:00,4.9,0
2026-04-10 14:35:00,7.6,0
2026-04-10 14:40:00,7.5,0
2026-04-10 14:45:00,8.1,0
2026-04-10 14:50:00,4.1,0
2026-04-10 14:55:00,6.0,0
2026-04-10 15:00:00,8.1,0
2026-04-10 15:05:00,5.2,0
2026-04-10 15:10:00,9.9,0
2026-04-10 15:15:00,9.2,0
2026-04-10 15:20:00,4.8,0
2026-04-10 15:25:00,7.5,0
2026-04-10 15:30:00,8.8,0
2026-04-10 15:35:00,5.2,0
2026-04-10 15:40:00,4.8,0
2026-04-10 15:45:00,6.1,0
2026-04-10 15:50:00,13.4,0
2026-04-10 15:55:00,10.2,0
2026-04-10 16:00:00,6.8,0
2026-04-10 16:05:00,5.3,0
2026-04-10 16:10:00,6.3,0
2026-04-10 16:15:00,11.0,0
2026-04-10 16:20:00,12.1,0
2026-04-10 16:25:00,6.4,0
2026-04-10 16:30:00,8.6,0
2026-04-10 16:35:00,7.5,0
2026-04-10 16:40:00,10.5,0
2026-04-10 16:45:00,5.8,0
2026-04-10 16:50:00,10.0,0
2026-04-10 16:55:00,5.3,0
2026-04-10 17:00:00,44.2,1
2026-04-10 17:05:00,6.3,0
2026-04-10 17:10:00,7.4,0
2026-04-10 17:15:00,6.7,0
2026-04-10 17:20:00,11.9,0
2026-04-10 17:25:00,10.0,0
2026-04-10 17:30:00,7.2,0
2026-04-10 17:35:00,39.8,1
2026-04-10 17:40:00,10.6,0
2026-04-10 17:45:00,41.2,1
2026-04-10 17:50:00,9.0,0
2026-04-10 17:55:00,6.1,0
2026-04-10 18:00:00,12.5,0
2026-04-10 18:05:00,13.5,0
2026-04-10 18:10:00,33.0,1
2026-04-10 18:15:00,7.3,0
2026-04-10 18:20:00,8.1,0
2026-04-10 18:25:00,40.6,1
2026-04-10 18:30:00,6.4,0
2026-04-10 18:35:00,8.5,0
2026-04-10 18:40:00,9.2,0
2026-04-10 18:45:00,40.6,1
2026-04-10 18:50:00,8.6,0
2026-04-10 18:55:00,39.8,1
2026-04-10 19:00:00,6.1,0
2026-04-10 19:05:00,6.1,0
2026-04-10 19:10:00,9.5,0
2026-04-10 19:15:00,8.2,0
2026-04-10 19:20:00,8.4,0
2026-04-10 19:25:00,8.7,0
2026-04-10 19:30:00,7.9,0
2026-04-10 19:35:00,44.6,1
2026-04-10 19:40:00,10.6,0
2026-04-10 19:45:00,9.6,0
2026-04-10 19:50:00,7.7,0
2026-04-10 19:55:00,7.1,0
2026-04-10 20:00:00,28.9,1
2026-04-10 20:05:00,8.7,0
2026-04-10 20:10:00,7.4,0
2026-04-10 20:15:00,37.3,1
2026-04-10 20:20:00,11.4,0
2026-04-10 20:25:00,43.9,1
2026-04-10 20:30:00,8.6,0
2026-04-10 20:35:00,11.7,0
2026-04-10 20:40:00,33.6,1
2026-04-10 20:45:00,40.6,1
2026-04-10 20:50:00,9.7,0
2026-04-10 20:55:00,5.6,0
2026-04-10 21:00:00,4.7,0
2026-04-10 21:05:00,7.3,0
2026-04-10 21:10:00,8.2,0
2026-04-10 21:15:00,8.1,0
2026-04-10 21:20:00,10.8,0
2026-04-10 21:25:00,6.1,0
2026-04-10 21:30:00,7.7,0
2026-04-10 21:35:00,11.0,0
2026-04-10 21:40:00,7.4,0
2026-04-10 21:45:00,12.0,0
2026-04-10 21:50:00,7.5,0
2026-04-10 21:55:00,6.6,0
2026-04-10 22:00:00,7.9,0
2026-04-10 22:05:00,8.5,0
2026-04-10 22:10:00,7.2,0
2026-04-10 22:15:00,8.8,0
2026-04-10 22:20:00,7.7,0
2026-04-10 22:25:00,10.5,0
2026-04-10 22:30:00,9.0,0
2026-04-10 22:35:00,8.0,0
2026-04-10 22:40:00,7.4,0
2026-04-10 22:45:00,9.6,0
2026-04-10 22:50:00,8.1,0
2026-04-10 22:55:00,7.1,0
2026-04-10 23:00:00,6.6,0
2026-04-10 23:05:00,9.4,0
2026-04-10 23:10:00,7.1,0
2026-04-10 23:15:00,7.4,0
2026-04-10 23:20:00,9.1,0
2026-04-10 23:25:00,10.1,0
2026-04-10 23:30:00,9.2,0
2026-04-10 23:35:00,9.7,0
2026-04-10 23:40:00,9.4,0
2026-04-10 23:45:00,8.0,0
2026-04-10 23:50:00,8.8,0
2026-04-10 23:55:00,11.7,0
2026-04-11 00:00:00,7.6,0
2026-04-11 00:05:00,5.8,0
2026-04-11 00:10:00,2.9,0
2026-04-11 00:15:00,11.9,0
2026-04-11 00:20:00,12.0,0
2026-04-11 00:25:00,6.0,0
2026-04-11 00:30:00,10.6,0
2026-04-11 00:35:00,10.1,0
2026-04-11 00:40:00,9.3,0
2026-04-11 00:45:00,9.0,0
2026-04-11 00:50:00,6.5,0
2026-04-11 00:55:00,8.3,0
2026-04-11 01:00:00,8.7,0
2026-04-11 01:05:00,8.1,0
2026-04-11 01:10:00,7.9,0
2026-04-11 01:15:00,10.6,0
2026-04-11 01:20:00,10.0,0
2026-04-11 01:25:00,9.7,0
2026-04-11 01:30:00,9.9,0
2026-04-11 01:35:00,8.5,0
2026-04-11 01:40:00,10.3,0
2026-04-11 01:45:00,5.6,0
2026-04-11 01:50:00,8.1,0
2026-04-11 01:55:00,9.4,0
2026-04-11 02:00:00,9.1,0
2026-04-11 02:05:00,8.7,0
2026-04-11 02:10:00,9.9,0
2026-04-11 02:15:00,10.9,0
2026-04-11 02:20:00,5.9,0
2026-04-11 02:25:00,8.6,0
2026-04-11 02:30:00,6.6,0
2026-04-11 02:35:00,10.1,0
2026-04-11 02:40:00,9.4,0
2026-04-11 02:45:00,6.1,0
2026-04-11 02:50:00,8.0,0
2026-04-11 02:55:00,5.0,0
2026-04-11 03:00:00,9.9,0
2026-04-11 03:05:00,6.9,0
2026-04-11 03:10:00,5.7,0
2026-04-11 03:15:00,7.3,0
2026-04-11 03:20:00,9.2,0
2026-04-11 03:25:00,8.6,0
2026-04-11 03:30:00,7.0,0
2026-04-11 03:35:00,7.8,0
2026-04-11 03:40:00,7.4,0
2026-04-11 03:45:00,6.1,0
2026-04-11 03:50:00,4.3,0
2026-04-11 03:55:00,8.0,0
2026-04-11 04:00:00,9.2,0
2026-04-11 04:05:00,8.0,0
2026-04-11 04:10:00,12.1,0
2026-04-11 04:15:00,6.8,0
2026-04-11 04:20:00,7.9,0
2026-04-11 04:25:00,9.0,0
2026-04-11 04:30:00,8.9,0
2026-04-11 04:35:00,7.5,0
2026-04-11 04:40:00,7.9,0
2026-04-11 04:45:00,7.8,0
2026-04-11 04:50:00,9.4,0
2026-04-11 04:55:00,6.6,0
2026-04-11 05:00:00,3.1,0
2026-04-11 05:05:00,7.3,0
2026-04-11 05:10:00,11.4,0
2026-04-11 05:15:00,9.6,0
2026-04-11 05:20:00,4.9,0
2026-04-11 05:25:00,9.4,0
2026-04-11 05:30:00,8.4,0
2026-04-11 05:35:00,7.3,0
2026-04-11 05:40:00,5.8,0
2026-04-11 05:45:00,6.4,0
2026-04-11 05:50:00,6.9,0
2026-04-11 05:55:00,11.7,0
2026-04-11 06:00:00,9.3,0
2026-04-11 06:05:00,6.6,0
2026-04-11 06:10:00,6.9,0
2026-04-11 06:15:00,7.9,0
2026-04-11 06:20:00,7.1,0
2026-04-11 06:25:00,8.0,0
2026-04-11 06:30:00,7.7,0
2026-04-11 06:35:00,8.2,0
2026-04-11 06:40:00,4.0,0
2026-04-11 06:45:00,9.6,0
2026-04-11 06:50:00,6.9,0
2026-04-11 06:55:00,9.8,0
2026-04-11 07:00:00,12.4,0
2026-04-11 07:05:00,5.1,0
2026-04-11 07:10:00,8.2,0
2026-04-11 07:15:00,7.2,0
2026-04-11 07:20:00,8.8,0
2026-04-11 07:25:00,3.8,0
2026-04-11 07:30:00,7.3,0
2026-04-11 07:35:00,6.4,0
2026-04-11 07:40:00,11.3,0
2026-04-11 07:45:00,11.7,0
2026-04-11 07:50:00,7.4,0
2026-04-11 07:55:00,5.7,0
2026-04-11 08:00:00,6.3,0
2026-04-11 08:05:00,8.1,0
2026-04-11 08:10:00,5.2,0
2026-04-11 08:15:00,9.0,0
2026-04-11 08:20:00,7.6,0
2026-04-11 08:25:00,8.7,0
2026-04-11 08:30:00,8.8,0
2026-04-11 08:35:00,10.8,0
2026-04-11 08:40:00,9.3,0
2026-04-11 08:45:00,8.6,0
2026-04-11 08:50:00,8.5,0
2026-04-11 08:55:00,4.0,0
2026-04-11 09:00:00,8.4,0
2026-04-11 09:05:00,9.2,0
2026-04-11 09:10:00,7.8,0
2026-04-11 09:15:00,11.3,0
2026-04-11 09:20:00,5.0,0
2026-04-11 09:25:00,6.5,0
2026-04-11 09:30:00,6.7,0
2026-04-11 09:35:00,8.0,0
2026-04-11 09:40:00,6.7,0
2026-04-11 09:45:00,5.5,0
2026-04-11 09:50:00,7.3,0
2026-04-11 09:55:00,10.0,0
2026-04-11 10:00:00,9.5,0
2026-04-11 10:05:00,6.6,0
2026-04-11 10:10:00,7.3,0
2026-04-11 10:15:00,6.4,0
2026-04-11 10:20:00,5.5,0
2026-04-11 10:25:00,8.9,0
2026-04-11 10:30:00,5.4,0
2026-04-11 10:35:00,9.3,0
2026-04-11 10:40:00,11.6,0
2026-04-11 10:45:00,8.8,0
2026-04-11 10:50:00,9.2,0
2026-04-11 10:55:00,9.2,0
2026-04-11 11:00:00,7.0,0
2026-04-11 11:05:00,8.7,0
2026-04-11 11:10:00,8.6,0
2026-04-11 11:15:00,6.7,0
2026-04-11 11:20:00,3.0,0
2026-04-11 11:25:00,5.9,0
2026-04-11 11:30:00,6.1,0
2026-04-11 11:35:00,9.0,0
2026-04-11 11:40:00,5.0,0
2026-04-11 11:45:00,11.7,0
2026-04-11 11:50:00,11.3,0
2026-04-11 11:55:00,10.1,0
2026-04-11 12:00:00,7.0,0
2026-04-11 12:05:00,3.8,0
2026-04-11 12:10:00,9.7,0
2026-04-11 12:15:00,6.5,0
2026-04-11 12:20:00,9.6,0
2026-04-11 12:25:00,9.2,0
2026-04-11 12:30:00,7.1,0
2026-04-11 12:35:00,5.6,0
2026-04-11 12:40:00,8.4,0
2026-04-11 12:45:00,4.9,0
2026-04-11 12:50:00,8.6,0
2026-04-11 12:55:00,8.9,0
2026-04-11 13:00:00,6.7,0
2026-04-11 13:05:00,5.0,0
2026-04-11 13:10:00,11.3,0
2026-04-11 13:15:00,6.9,0
2026-04-11 13:20:00,7.6,0
2026-04-11 13:25:00,10.2,0
2026-04-11 13:30:00,6.9,0
2026-04-11 13:35:00,6.5,0
2026-04-11 13:40:00,12.0,0
2026-04-11 13:45:00,6.5,0
2026-04-11 13:50:00,10.4,0
2026-04-11 13:55:00,8.3,0
2026-04-11 14:00:00,8.3,0
2026-04-11 14:05:00,7.0,0
2026-04-11 14:10:00,7.6,0
2026-04-11 14:15:00,11.6,0
2026-04-11 14:20:00,9.7,0
2026-04-11 14:25:00,5.3,0
2026-04-11 14:30:00,6.0,0
2026-04-11 14:35:00,8.8,0
2026-04-11 14:40:00,9.3,0
2026-04-11 14:45:00,9.5,0
2026-04-11 14:50:00,7.8,0
2026-04-11 14:55:00,6.3,0
2026-04-11 15:00:00,6.4,0
2026-04-11 15:05:00,3.4,0
2026-04-11 15:10:00,11.3,0
2026-04-11 15:15:00,2.7,0
2026-04-11 15:20:00,7.5,0
2026-04-11 15:25:00,4.5,0
2026-04-11 15:30:00,6.8,0
2026-04-11 15:35:00,9.2,0
2026-04-11 15:40:00,3.4,0
2026-04-11 15:45:00,8.7,0
2026-04-11 15:50:00,9.7,0
2026-04-11 15:55:00,7.2,0
2026-04-11 16:00:00,13.5,0
2026-04-11 16:05:00,3.5,0
2026-04-11 16:10:00,4.6,0
2026-04-11 16:15:00,7.4,0
2026-04-11 16:20:00,7.4,0
2026-04-11 16:25:00,8.2,0
2026-04-11 16:30:00,9.9,0
2026-04-11 16:35:00,5.5,0
2026-04-11 16:40:00,5.3,0
2026-04-11 16:45:00,6.6,0
2026-04-11 16:50:00,10.1,0
2026-04-11 16:55:00,9.6,0
2026-04-11 17:00:00,7.9,0
2026-04-11 17:05:00,7.0,0
2026-04-11 17:10:00,7.7,0
2026-04-11 17:15:00,8.7,0
2026-04-11 17:20:00,8.2,0
2026-04-11 17:25:00,5.2,0
2026-04-11 17:30:00,5.0,0
2026-04-11 17:35:00,7.5,0
2026-04-11 17:40:00,9.4,0
2026-04-11 17:45:00,5.9,0
2026-04-11 17:50:00,8.8,0
2026-04-11 17:55:00,4.4,0
2026-04-11 18:00:00,8.1,0
2026-04-11 18:05:00,6.4,0
2026-04-11 18:10:00,3.8,0
2026-04-11 18:15:00,6.9,0
2026-04-11 18:20:00,5.5,0
2026-04-11 18:25:00,7.4,0
2026-04-11 18:30:00,8.8,0
2026-04-11 18:35:00,8.9,0
2026-04-11 18:40:00,4.0,0
2026-04-11 18:45:00,9.2,0
2026-04-11 18:50:00,8.8,0
2026-04-11 18:55:00,7.2,0
2026-04-11 19:00:00,5.5,0
2026-04-11 19:05:00,7.2,0
2026-04-11 19:10:00,11.2,0
2026-04-11 19:15:00,9.2,0
2026-04-11 19:20:00,9.9,0
2026-04-11 19:25:00,6.0,0
2026-04-11 19:30:00,6.9,0
2026-04-11 19:35:00,5.4,0
2026-04-11 19:40:00,6.7,0
2026-04-11 19:45:00,10.7,0
2026-04-11 19:50:00,7.1,0
2026-04-11 19:55:00,6.6,0
2026-04-11 20:00:00,8.5,0
2026-04-11 20:05:00,6.9,0
2026-04-11 20:10:00,8.2,0
2026-04-11 20:15:00,6.9,0
2026-04-11 20:20:00,8.4,0
2026-04-11 20:25:00,7.2,0
2026-04-11 20:30:00,5.8,0
2026-04-11 20:35:00,10.1,0
2026-04-11 20:40:00,11.6,0
2026-04-11 20:45:00,9.0,0
2026-04-11 20:50:00,5.0,0
2026-04-11 20:55:00,7.5,0
2026-04-11 21:00:00,8.5,0
2026-04-11 21:05:00,4.6,0
2026-04-11 21:10:00,6.9,0
2026-04-11 21:15:00,5.2,0
2026-04-11 21:20:00,5.9,0
2026-04-11 21:25:00,8.7,0
2026-04-11 21:30:00,7.9,0
2026-04-11 21:35:00,5.8,0
2026-04-11 21:40:00,7.9,0
2026-04-11 21:45:00,7.3,0
2026-04-11 21:50:00,9.8,0
2026-04-11 21:55:00,3.9,0
2026-04-11 22:00:00,6.5,0
2026-04-11 22:05:00,11.0,0
2026-04-11 22:10:00,5.7,0
2026-04-11 22:15:00,5.8,0
2026-04-11 22:20:00,7.0,0
2026-04-11 22:25:00,10.5,0
2026-04-11 22:30:00,8.8,0
2026-04-11 22:35:00,5.9,0
2026-04-11 22:40:00,7.8,0
2026-04-11 22:45:00,7.3,0
2026-04-11 22:50:00,8.9,0
2026-04-11 22:55:00,7.9,0
2026-04-11 23:00:00,8.4,0
2026-04-11 23:05:00,7.4,0
2026-04-11 23:10:00,10.6,0
2026-04-11 23:15:00,7.9,0
2026-04-11 23:20:00,6.7,0
2026-04-11 23:25:00,10.1,0
2026-04-11 23:30:00,9.2,0
2026-04-11 23:35:00,6.2,0
2026-04-11 23:40:00,0.1,0
2026-04-11 23:45:00,9.1,0
2026-04-11 23:50:00,7.1,0
2026-04-11 23:55:00,8.1,0
2026-04-12 00:00:00,10.4,0
2026-04-12 00:05:00,6.1,0
2026-04-12 00:10:00,5.8,0
2026-04-12 00:15:00,5.2,0
2026-04-12 00:20:00,12.4,0
2026-04-12 00:25:00,10.4,0
2026-04-12 00:30:00,9.3,0
2026-04-12 00:35:00,4.1,0
2026-04-12 00:40:00,5.2,0
2026-04-12 00:45:00,9.4,0
2026-04-12 00:50:00,8.8,0
2026-04-12 00:55:00,7.5,0
2026-04-12 01:00:00,5.3,0
2026-04-12 01:05:00,10.1,0
2026-04-12 01:10:00,11.6,0
2026-04-12 01:15:00,8.9,0
2026-04-12 01:20:00,6.5,0
2026-04-12 01:25:00,11.0,0
2026-04-12 01:30:00,8.3,0
2026-04-12 01:35:00,11.3,0
2026-04-12 01:40:00,7.3,0
2026-04-12 01:45:00,12.1,0
2026-04-12 01:50:00,7.1,0
2026-04-12 01:55:00,6.7,0
2026-04-12 02:00:00,9.7,0
2026-04-12 02:05:00,7.9,0
2026-04-12 02:10:00,8.8,0
2026-04-12 02:15:00,6.0,0
2026-04-12 02:20:00,6.0,0
2026-04-12 02:25:00,7.2,0
2026-04-12 02:30:00,8.7,0
2026-04-12 02:35:00,6.4,0
2026-04-12 02:40:00,10.1,0
2026-04-12 02:45:00,7.8,0
2026-04-12 02:50:00,11.4,0
2026-04-12 02:55:00,5.9,0
2026-04-12 03:00:00,8.7,0
2026-04-12 03:05:00,8.9,0
2026-04-12 03:10:00,8.5,0
2026-04-12 03:15:00,7.9,0
2026-04-12 03:20:00,9.7,0
2026-04-12 03:25:00,5.5,0
2026-04-12 03:30:00,8.6,0
2026-04-12 03:35:00,6.0,0
2026-04-12 03:40:00,6.8,0
2026-04-12 03:45:00,8.5,0
2026-04-12 03:50:00,9.9,0
2026-04-12 03:55:00,5.3,0
2026-04-12 04:00:00,11.3,0
2026-04-12 04:05:00,10.0,0
2026-04-12 04:10:00,8.1,0
2026-04-12 04:15:00,5.9,0
2026-04-12 04:20:00,11.1,0
2026-04-12 04:25:00,8.9,0
2026-04-12 04:30:00,8.9,0
2026-04-12 04:35:00,6.6,0
2026-04-12 04:40:00,8.4,0
2026-04-12 04:45:00,6.7,0
2026-04-12 04:50:00,10.4,0
2026-04-12 04:55:00,10.5,0
2026-04-12 05:00:00,7.7,0
2026-04-12 05:05:00,6.8,0
2026-04-12 05:10:00,9.6,0
2026-04-12 05:15:00,9.3,0
2026-04-12 05:20:00,5.7,0
2026-04-12 05:25:00,7.4,0
2026-04-12 05:30:00,12.4,0
2026-04-12 05:35:00,8.0,0
2026-04-12 05:40:00,8.5,0
2026-04-12 05:45:00,9.1,0
2026-04-12 05:50:00,6.9,0
2026-04-12 05:55:00,9.5,0
2026-04-12 06:00:00,8.8,0
2026-04-12 06:05:00,10.3,0
2026-04-12 06:10:00,4.6,0
2026-04-12 06:15:00,8.7,0
2026-04-12 06:20:00,8.4,0
2026-04-12 06:25:00,5.2,0
2026-04-12 06:30:00,7.5,0
2026-04-12 06:35:00,8.8,0
2026-04-12 06:40:00,8.1,0
2026-04-12 06:45:00,8.0,0
2026-04-12 06:50:00,8.0,0
2026-04-12 06:55:00,7.1,0
2026-04-12 07:00:00,12.0,0
2026-04-12 07:05:00,8.7,0
2026-04-12 07:10:00,8.6,0
2026-04-12 07:15:00,5.3,0
2026-04-12 07:20:00,7.4,0
2026-04-12 07:25:00,6.9,0
2026-04-12 07:30:00,7.9,0
2026-04-12 07:35:00,7.4,0
2026-04-12 07:40:00,6.8,0
2026-04-12 07:45:00,7.5,0
2026-04-12 07:50:00,5.8,0
2026-04-12 07:55:00,9.2,0
2026-04-12 08:00:00,9.6,0
2026-04-12 08:05:00,9.0,0
2026-04-12 08:10:00,9.7,0
2026-04-12 08:15:00,9.6,0
2026-04-12 08:20:00,5.4,0
2026-04-12 08:25:00,11.0,0
2026-04-12 08:30:00,9.7,0
2026-04-12 08:35:00,4.2,0
2026-04-12 08:40:00,6.5,0
2026-04-12 08:45:00,5.5,0
2026-04-12 08:50:00,8.9,0
2026-04-12 08:55:00,6.9,0
2026-04-12 09:00:00,8.0,0
2026-04-12 09:05:00,11.5,0
2026-04-12 09:10:00,10.9,0
2026-04-12 09:15:00,6.1,0
2026-04-12 09:20:00,8.9,0
2026-04-12 09:25:00,11.7,0
2026-04-12 09:30:00,6.2,0
2026-04-12 09:35:00,9.9,0
2026-04-12 09:40:00,7.7,0
2026-04-12 09:45:00,6.1,0
2026-04-12 09:50:00,11.0,0
2026-04-12 09:55:00,7.1,0
2026-04-12 10:00:00,7.7,0
2026-04-12 10:05:00,7.3,0
2026-04-12 10:10:00,10.1,0
2026-04-12 10:15:00,10.0,0
2026-04-12 10:20:00,6.5,0
2026-04-12 10:25:00,8.2,0
2026-04-12 10:30:00,8.7,0
2026-04-12 10:35:00,10.0,0
2026-04-12 10:40:00,6.8,0
2026-04-12 10:45:00,10.8,0
2026-04-12 10:50:00,9.6,0
2026-04-12 10:55:00,6.1,0
2026-04-12 11:00:00,9.0,0
2026-04-12 11:05:00,9.0,0
2026-04-12 11:10:00,6.6,0
2026-04-12 11:15:00,8.9,0
2026-04-12 11:20:00,8.0,0
2026-04-12 11:25:00,4.9,0
2026-04-12 11:30:00,1.6,0
2026-04-12 11:35:00,12.1,0
2026-04-12 11:40:00,7.8,0
2026-04-12 11:45:00,8.2,0
2026-04-12 11:50:00,5.9,0
2026-04-12 11:55:00,6.8,0
2026-04-12 12:00:00,12.3,0
2026-04-12 12:05:00,12.8,0
2026-04-12 12:10:00,4.3,0
2026-04-12 12:15:00,8.1,0
2026-04-12 12:20:00,11.7,0
2026-04-12 12:25:00,8.4,0
2026-04-12 12:30:00,9.4,0
2026-04-12 12:35:00,7.7,0
2026-04-12 12:40:00,9.0,0
2026-04-12 12:45:00,10.9,0
2026-04-12 12:50:00,9.0,0
2026-04-12 12:55:00,5.6,0
2026-04-12 13:00:00,6.7,0
2026-04-12 13:05:00,9.5,0
2026-04-12 13:10:00,7.9,0
2026-04-12 13:15:00,6.9,0
2026-04-12 13:20:00,5.8,0
2026-04-12 13:25:00,6.0,0
2026-04-12 13:30:00,6.6,0
2026-04-12 13:35:00,8.9,0
2026-04-12 13:40:00,7.0,0
2026-04-12 13:45:00,8.4,0
2026-04-12 13:50:00,8.3,0
2026-04-12 13:55:00,9.5,0
2026-04-12 14:00:00,6.4,0
2026-04-12 14:05:00,11.2,0
2026-04-12 14:10:00,4.5,0
2026-04-12 14:15:00,7.3,0
2026-04-12 14:20:00,7.2,0
2026-04-12 14:25:00,6.4,0
2026-04-12 14:30:00,3.6,0
2026-04-12 14:35:00,10.4,0
2026-04-12 14:40:00,9.7,0
2026-04-12 14:45:00,9.0,0
2026-04-12 14:50:00,6.5,0
2026-04-12 14:55:00,7.0,0
2026-04-12 15:00:00,7.3,0
2026-04-12 15:05:00,7.5,0
2026-04-12 15:10:00,9.6,0
2026-04-12 15:15:00,7.0,0
2026-04-12 15:20:00,6.3,0
2026-04-12 15:25:00,8.3,0
2026-04-12 15:30:00,8.1,0
2026-04-12 15:35:00,9.0,0
2026-04-12 15:40:00,10.8,0
2026-04-12 15:45:00,7.2,0
2026-04-12 15:50:00,9.9,0
2026-04-12 15:55:00,8.3,0
2026-04-12 16:00:00,10.0,0
2026-04-12 16:05:00,10.5,0
2026-04-12 16:10:00,6.5,0
2026-04-12 16:15:00,12.0,0
2026-04-12 16:20:00,8.4,0
2026-04-12 16:25:00,5.7,0
2026-04-12 16:30:00,5.7,0
2026-04-12 16:35:00,10.9,0
2026-04-12 16:40:00,10.6,0
2026-04-12 16:45:00,10.2,0
2026-04-12 16:50:00,6.9,0
2026-04-12 16:55:00,7.3,0
2026-04-12 17:00:00,4.8,0
2026-04-12 17:05:00,7.4,0
2026-04-12 17:10:00,8.3,0
2026-04-12 17:15:00,11.0,0
2026-04-12 17:20:00,7.4,0
2026-04-12 17:25:00,7.3,0
2026-04-12 17:30:00,8.6,0
2026-04-12 17:35:00,9.7,0
2026-04-12 17:40:00,11.1,0
2026-04-12 17:45:00,6.6,0
2026-04-12 17:50:00,7.7,0
2026-04-12 17:55:00,8.3,0
2026-04-12 18:00:00,7.5,0
2026-04-12 18:05:00,6.8,0
2026-04-12 18:10:00,7.5,0
2026-04-12 18:15:00,5.6,0
2026-04-12 18:20:00,6.8,0
2026-04-12 18:25:00,5.5,0
2026-04-12 18:30:00,8.0,0
2026-04-12 18:35:00,7.2,0
2026-04-12 18:40:00,6.9,0
2026-04-12 18:45:00,8.0,0
2026-04-12 18:50:00,3.1,0
2026-04-12 18:55:00,7.4,0
2026-04-12 19:00:00,8.4,0
2026-04-12 19:05:00,9.9,0
2026-04-12 19:10:00,9.2,0
2026-04-12 19:15:00,10.5,0
2026-04-12 19:20:00,5.1,0
2026-04-12 19:25:00,10.1,0
2026-04-12 19:30:00,8.6,0
2026-04-12 19:35:00,6.9,0
2026-04-12 19:40:00,8.2,0
2026-04-12 19:45:00,14.3,0
2026-04-12 19:50:00,8.3,0
2026-04-12 19:55:00,8.2,0
2026-04-12 20:00:00,9.7,0
2026-04-12 20:05:00,7.6,0
2026-04-12 20:10:00,6.4,0
2026-04-12 20:15:00,10.8,0
2026-04-12 20:20:00,5.1,0
2026-04-12 20:25:00,8.1,0
2026-04-12 20:30:00,7.9,0
2026-04-12 20:35:00,6.3,0
2026-04-12 20:40:00,5.4,0
2026-04-12 20:45:00,7.7,0
2026-04-12 20:50:00,8.7,0
2026-04-12 20:55:00,10.1,0
2026-04-12 21:00:00,6.5,0
2026-04-12 21:05:00,6.4,0
2026-04-12 21:10:00,11.1,0
2026-04-12 21:15:00,7.1,0
2026-04-12 21:20:00,7.3,0
2026-04-12 21:25:00,10.4,0
2026-04-12 21:30:00,4.7,0
2026-04-12 21:35:00,5.6,0
2026-04-12 21:40:00,10.8,0
2026-04-12 21:45:00,6.8,0
2026-04-12 21:50:00,6.9,0
2026-04-12 21:55:00,7.1,0
2026-04-12 22:00:00,7.4,0
2026-04-12 22:05:00,7.1,0
2026-04-12 22:10:00,8.3,0
2026-04-12 22:15:00,10.5,0
2026-04-12 22:20:00,6.4,0
2026-04-12 22:25:00,6.8,0
2026-04-12 22:30:00,8.1,0
2026-04-12 22:35:00,11.1,0
2026-04-12 22:40:00,7.4,0
2026-04-12 22:45:00,6.2,0
2026-04-12 22:50:00,4.0,0
2026-04-12 22:55:00,6.5,0
2026-04-12 23:00:00,6.3,0
2026-04-12 23:05:00,5.6,0
2026-04-12 23:10:00,8.1,0
2026-04-12 23:15:00,7.5,0
2026-04-12 23:20:00,10.9,0
2026-04-12 23:25:00,8.4,0
2026-04-12 23:30:00,10.0,0
2026-04-12 23:35:00,7.7,0
2026-04-12 23:40:00,6.2,0
2026-04-12 23:45:00,9.2,0
2026-04-12 23:50:00,5.7,0
2026-04-12 23:55:00,10.3,0
