Timestamp,Active_Demand_kVA,Contracted_Limit
2026-04-01 00:00:00,945.93,1400
2026-04-01 00:30:00,1000.62,1400
2026-04-01 01:00:00,978.78,1400
2026-04-01 01:30:00,940.61,1400
2026-04-01 02:00:00,861.28,1400
2026-04-01 02:30:00,880.57,1400
2026-04-01 03:00:00,754.39,1400
2026-04-01 03:30:00,762.88,1400
2026-04-01 04:00:00,696.47,1400
2026-04-01 04:30:00,650.34,1400
2026-04-01 05:00:00,569.08,1400
2026-04-01 05:30:00,564.08,1400
2026-04-01 06:00:00,558.19,1400
2026-04-01 06:30:00,543.03,1400
2026-04-01 07:00:00,564.05,1400
2026-04-01 07:30:00,598.06,1400
2026-04-01 08:00:00,683.1,1400
2026-04-01 08:30:00,643.4,1400
2026-04-01 09:00:00,721.6,1400
2026-04-01 09:30:00,787.5,1400
2026-04-01 10:00:00,855.66,1400
2026-04-01 10:30:00,894.32,1400
2026-04-01 11:00:00,897.18,1400
2026-04-01 11:30:00,979.07,1400
2026-04-01 12:00:00,947.09,1400
2026-04-01 12:30:00,1004.35,1400
2026-04-01 13:00:00,953.95,1400
2026-04-01 13:30:00,926.25,1400
2026-04-01 14:00:00,862.93,1400
2026-04-01 14:30:00,891.59,1400
2026-04-01 15:00:00,766.83,1400
2026-04-01 15:30:00,777.8,1400
2026-04-01 16:00:00,694.05,1400
2026-04-01 16:30:00,624.45,1400
2026-04-01 17:00:00,603.17,1400
2026-04-01 17:30:00,577.06,1400
2026-04-01 18:00:00,531.28,1400
2026-04-01 18:30:00,524.21,1400
2026-04-01 19:00:00,572.0,1400
2026-04-01 19:30:00,591.17,1400
2026-04-01 20:00:00,652.69,1400
2026-04-01 20:30:00,684.9,1400
2026-04-01 21:00:00,731.12,1400
2026-04-01 21:30:00,764.12,1400
2026-04-01 22:00:00,840.78,1400
2026-04-01 22:30:00,883.13,1400
2026-04-01 23:00:00,978.91,1400
2026-04-01 23:30:00,941.5,1400
2026-04-02 00:00:00,906.02,1400
2026-04-02 00:30:00,988.67,1400
2026-04-02 01:00:00,966.03,1400
2026-04-02 01:30:00,965.11,1400
2026-04-02 02:00:00,905.99,1400
2026-04-02 02:30:00,845.53,1400
2026-04-02 03:00:00,780.0,1400
2026-04-02 03:30:00,791.75,1400
2026-04-02 04:00:00,620.24,1400
2026-04-02 04:30:00,661.48,1400
2026-04-02 05:00:00,566.56,1400
2026-04-02 05:30:00,573.85,1400
2026-04-02 06:00:00,551.69,1400
2026-04-02 06:30:00,538.02,1400
2026-04-02 07:00:00,563.6,1400
2026-04-02 07:30:00,575.85,1400
2026-04-02 08:00:00,633.83,1400
2026-04-02 08:30:00,633.86,1400
2026-04-02 09:00:00,779.98,1400
2026-04-02 09:30:00,738.06,1400
2026-04-02 10:00:00,891.06,1400
2026-04-02 10:30:00,885.72,1400
2026-04-02 11:00:00,904.17,1400
2026-04-02 11:30:00,934.16,1400
2026-04-02 12:00:00,1018.01,1400
2026-04-02 12:30:00,953.87,1400
2026-04-02 13:00:00,940.26,1400
2026-04-02 13:30:00,966.76,1400
2026-04-02 14:00:00,894.13,1400
2026-04-02 14:30:00,867.01,1400
2026-04-02 15:00:00,750.7,1400
2026-04-02 15:30:00,797.02,1400
2026-04-02 16:00:00,689.38,1400
2026-04-02 16:30:00,674.44,1400
2026-04-02 17:00:00,576.73,1400
2026-04-02 17:30:00,561.31,1400
2026-04-02 18:00:00,532.4,1400
2026-04-02 18:30:00,554.56,1400
2026-04-02 19:00:00,582.48,1400
2026-04-02 19:30:00,599.45,1400
2026-04-02 20:00:00,667.99,1400
2026-04-02 20:30:00,625.66,1400
2026-04-02 21:00:00,788.52,1400
2026-04-02 21:30:00,741.51,1400
2026-04-02 22:00:00,863.54,1400
2026-04-02 22:30:00,880.16,1400
2026-04-02 23:00:00,1010.63,1400
2026-04-02 23:30:00,1042.5,1400
2026-04-03 00:00:00,1000.69,1400
2026-04-03 00:30:00,977.4,1400
2026-04-03 01:00:00,968.83,1400
2026-04-03 01:30:00,978.93,1400
2026-04-03 02:00:00,865.2,1400
2026-04-03 02:30:00,920.65,1400
2026-04-03 03:00:00,769.68,1400
2026-04-03 03:30:00,775.81,1400
2026-04-03 04:00:00,668.29,1400
2026-04-03 04:30:00,663.49,1400
2026-04-03 05:00:00,589.74,1400
2026-04-03 05:30:00,564.61,1400
2026-04-03 06:00:00,536.86,1400
2026-04-03 06:30:00,527.98,1400
2026-04-03 07:00:00,582.84,1400
2026-04-03 07:30:00,588.7,1400
2026-04-03 08:00:00,664.2,1400
2026-04-03 08:30:00,688.11,1400
2026-04-03 09:00:00,764.27,1400
2026-04-03 09:30:00,779.74,1400
2026-04-03 10:00:00,844.99,1400
2026-04-03 10:30:00,863.45,1400
2026-04-03 11:00:00,973.44,1400
2026-04-03 11:30:00,977.83,1400
2026-04-03 12:00:00,974.13,1400
2026-04-03 12:30:00,980.69,1400
2026-04-03 13:00:00,910.12,1400
2026-04-03 13:30:00,943.33,1400
2026-04-03 14:00:00,896.94,1400
2026-04-03 14:30:00,888.67,1400
2026-04-03 15:00:00,775.88,1400
2026-04-03 15:30:00,765.54,1400
2026-04-03 16:00:00,655.34,1400
2026-04-03 16:30:00,642.22,1400
2026-04-03 17:00:00,587.32,1400
2026-04-03 17:30:00,582.53,1400
2026-04-03 18:00:00,554.06,1400
2026-04-03 18:30:00,537.38,1400
2026-04-03 19:00:00,538.1,1400
2026-04-03 19:30:00,594.19,1400
2026-04-03 20:00:00,645.79,1400
2026-04-03 20:30:00,638.24,1400
2026-04-03 21:00:00,780.3,1400
2026-04-03 21:30:00,755.41,1400
2026-04-03 22:00:00,901.38,1400
2026-04-03 22:30:00,889.77,1400
2026-04-03 23:00:00,973.09,1400
2026-04-03 23:30:00,914.47,1400
2026-04-04 00:00:00,1018.53,1400
2026-04-04 00:30:00,990.5,1400
2026-04-04 01:00:00,942.98,1400
2026-04-04 01:30:00,957.64,1400
2026-04-04 02:00:00,827.05,1400
2026-04-04 02:30:00,884.31,1400
2026-04-04 03:00:00,740.79,1400
2026-04-04 03:30:00,733.38,1400
2026-04-04 04:00:00,625.28,1400
2026-04-04 04:30:00,677.07,1400
2026-04-04 05:00:00,564.4,1400
2026-04-04 05:30:00,601.73,1400
2026-04-04 06:00:00,537.22,1400
2026-04-04 06:30:00,518.03,1400
2026-04-04 07:00:00,555.99,1400
2026-04-04 07:30:00,596.59,1400
2026-04-04 08:00:00,652.14,1400
2026-04-04 08:30:00,644.42,1400
2026-04-04 09:00:00,768.07,1400
2026-04-04 09:30:00,775.91,1400
2026-04-04 10:00:00,902.88,1400
2026-04-04 10:30:00,911.56,1400
2026-04-04 11:00:00,943.25,1400
2026-04-04 11:30:00,915.61,1400
2026-04-04 12:00:00,970.61,1400
2026-04-04 12:30:00,990.47,1400
2026-04-04 13:00:00,925.97,1400
2026-04-04 13:30:00,926.16,1400
2026-04-04 14:00:00,882.61,1400
2026-04-04 14:30:00,872.32,1400
2026-04-04 15:00:00,765.15,1400
2026-04-04 15:30:00,747.01,1400
2026-04-04 16:00:00,650.67,1400
2026-04-04 16:30:00,637.03,1400
2026-04-04 17:00:00,590.62,1400
2026-04-04 17:30:00,593.13,1400
2026-04-04 18:00:00,515.76,1400
2026-04-04 18:30:00,530.77,1400
2026-04-04 19:00:00,549.43,1400
2026-04-04 19:30:00,564.04,1400
2026-04-04 20:00:00,653.56,1400
2026-04-04 20:30:00,626.71,1400
2026-04-04 21:00:00,743.26,1400
2026-04-04 21:30:00,741.38,1400
2026-04-04 22:00:00,879.03,1400
2026-04-04 22:30:00,875.42,1400
2026-04-04 23:00:00,932.89,1400
2026-04-04 23:30:00,958.6,1400
2026-04-05 00:00:00,966.68,1400
2026-04-05 00:30:00,974.79,1400
2026-04-05 01:00:00,1001.41,1400
2026-04-05 01:30:00,991.89,1400
2026-04-05 02:00:00,839.54,1400
2026-04-05 02:30:00,895.35,1400
2026-04-05 03:00:00,783.01,1400
2026-04-05 03:30:00,738.07,1400
2026-04-05 04:00:00,671.29,1400
2026-04-05 04:30:00,685.43,1400
2026-04-05 05:00:00,555.89,1400
2026-04-05 05:30:00,559.43,1400
2026-04-05 06:00:00,562.67,1400
2026-04-05 06:30:00,550.45,1400
2026-04-05 07:00:00,584.78,1400
2026-04-05 07:30:00,581.14,1400
2026-04-05 08:00:00,662.88,1400
2026-04-05 08:30:00,629.13,1400
2026-04-05 09:00:00,788.42,1400
2026-04-05 09:30:00,791.22,1400
2026-04-05 10:00:00,867.59,1400
2026-04-05 10:30:00,872.46,1400
2026-04-05 11:00:00,909.74,1400
2026-04-05 11:30:00,968.25,1400
2026-04-05 12:00:00,999.67,1400
2026-04-05 12:30:00,980.97,1400
2026-04-05 13:00:00,985.7,1400
2026-04-05 13:30:00,943.98,1400
2026-04-05 14:00:00,888.4,1400
2026-04-05 14:30:00,846.88,1400
2026-04-05 15:00:00,763.86,1400
2026-04-05 15:30:00,760.4,1400
2026-04-05 16:00:00,659.63,1400
2026-04-05 16:30:00,647.94,1400
2026-04-05 17:00:00,572.99,1400
2026-04-05 17:30:00,589.52,1400
2026-04-05 18:00:00,538.85,1400
2026-04-05 18:30:00,519.68,1400
2026-04-05 19:00:00,605.45,1400
2026-04-05 19:30:00,599.1,1400
2026-04-05 20:00:00,629.8,1400
2026-04-05 20:30:00,668.76,1400
2026-04-05 21:00:00,752.87,1400
2026-04-05 21:30:00,770.44,1400
2026-04-05 22:00:00,881.31,1400
2026-04-05 22:30:00,867.46,1400
2026-04-05 23:00:00,931.12,1400
2026-04-05 23:30:00,933.79,1400
2026-04-06 00:00:00,955.79,1400
2026-04-06 00:30:00,958.27,1400
2026-04-06 01:00:00,951.62,1400
2026-04-06 01:30:00,933.06,1400
2026-04-06 02:00:00,891.48,1400
2026-04-06 02:30:00,912.58,1400
2026-04-06 03:00:00,751.1,1400
2026-04-06 03:30:00,769.89,1400
2026-04-06 04:00:00,665.02,1400
2026-04-06 04:30:00,664.48,1400
2026-04-06 05:00:00,576.57,1400
2026-04-06 05:30:00,588.08,1400
2026-04-06 06:00:00,553.9,1400
2026-04-06 06:30:00,525.73,1400
2026-04-06 07:00:00,590.26,1400
2026-04-06 07:30:00,590.57,1400
2026-04-06 08:00:00,640.2,1400
2026-04-06 08:30:00,655.95,1400
2026-04-06 09:00:00,780.07,1400
2026-04-06 09:30:00,759.6,1400
2026-04-06 10:00:00,901.72,1400
2026-04-06 10:30:00,935.55,1400
2026-04-06 11:00:00,931.06,1400
2026-04-06 11:30:00,914.03,1400
2026-04-06 12:00:00,991.76,1400
2026-04-06 12:30:00,1004.07,1400
2026-04-06 13:00:00,946.94,1400
2026-04-06 13:30:00,995.11,1400
2026-04-06 14:00:00,838.52,1400
2026-04-06 14:30:00,891.76,1400
2026-04-06 15:00:00,750.51,1400
2026-04-06 15:30:00,803.83,1400
2026-04-06 16:00:00,694.36,1400
2026-04-06 16:30:00,640.13,1400
2026-04-06 17:00:00,565.78,1400
2026-04-06 17:30:00,590.09,1400
2026-04-06 18:00:00,539.66,1400
2026-04-06 18:30:00,545.26,1400
2026-04-06 19:00:00,575.7,1400
2026-04-06 19:30:00,542.13,1400
2026-04-06 20:00:00,654.93,1400
2026-04-06 20:30:00,641.64,1400
2026-04-06 21:00:00,753.09,1400
2026-04-06 21:30:00,797.51,1400
2026-04-06 22:00:00,840.67,1400
2026-04-06 22:30:00,894.91,1400
2026-04-06 23:00:00,945.56,1400
2026-04-06 23:30:00,945.54,1400
2026-04-07 00:00:00,1006.1,1400
2026-04-07 00:30:00,992.83,1400
2026-04-07 01:00:00,969.86,1400
2026-04-07 01:30:00,981.24,1400
2026-04-07 02:00:00,864.92,1400
2026-04-07 02:30:00,857.55,1400
2026-04-07 03:00:00,739.52,1400
2026-04-07 03:30:00,745.47,1400
2026-04-07 04:00:00,713.17,1400
2026-04-07 04:30:00,679.67,1400
2026-04-07 05:00:00,551.94,1400
2026-04-07 05:30:00,552.44,1400
2026-04-07 06:00:00,553.89,1400
2026-04-07 06:30:00,554.96,1400
2026-04-07 07:00:00,584.73,1400
2026-04-07 07:30:00,570.86,1400
2026-04-07 08:00:00,652.73,1400
2026-04-07 08:30:00,661.64,1400
2026-04-07 09:00:00,766.37,1400
2026-04-07 09:30:00,713.51,1400
2026-04-07 10:00:00,867.58,1400
2026-04-07 10:30:00,851.29,1400
2026-04-07 11:00:00,958.55,1400
2026-04-07 11:30:00,1038.94,1400
2026-04-07 12:00:00,993.63,1400
2026-04-07 12:30:00,973.56,1400
2026-04-07 13:00:00,979.91,1400
2026-04-07 13:30:00,967.35,1400
2026-04-07 14:00:00,884.61,1400
2026-04-07 14:30:00,889.5,1400
2026-04-07 15:00:00,811.56,1400
2026-04-07 15:30:00,738.47,1400
2026-04-07 16:00:00,664.51,1400
2026-04-07 16:30:00,636.99,1400
2026-04-07 17:00:00,584.85,1400
2026-04-07 17:30:00,559.41,1400
2026-04-07 18:00:00,539.16,1400
2026-04-07 18:30:00,541.17,1400
2026-04-07 19:00:00,592.1,1400
2026-04-07 19:30:00,591.11,1400
2026-04-07 20:00:00,630.71,1400
2026-04-07 20:30:00,656.28,1400
2026-04-07 21:00:00,748.13,1400
2026-04-07 21:30:00,735.54,1400
2026-04-07 22:00:00,867.91,1400
2026-04-07 22:30:00,865.52,1400
2026-04-07 23:00:00,1022.96,1400
2026-04-07 23:30:00,965.93,1400
2026-04-08 00:00:00,942.18,1400
2026-04-08 00:30:00,966.15,1400
2026-04-08 01:00:00,982.76,1400
2026-04-08 01:30:00,1013.28,1400
2026-04-08 02:00:00,832.03,1400
2026-04-08 02:30:00,824.33,1400
2026-04-08 03:00:00,807.3,1400
2026-04-08 03:30:00,773.33,1400
2026-04-08 04:00:00,638.13,1400
2026-04-08 04:30:00,665.71,1400
2026-04-08 05:00:00,529.77,1400
2026-04-08 05:30:00,575.32,1400
2026-04-08 06:00:00,551.37,1400
2026-04-08 06:30:00,561.14,1400
2026-04-08 07:00:00,557.76,1400
2026-04-08 07:30:00,576.74,1400
2026-04-08 08:00:00,637.01,1400
2026-04-08 08:30:00,660.22,1400
2026-04-08 09:00:00,743.87,1400
2026-04-08 09:30:00,755.04,1400
2026-04-08 10:00:00,847.5,1400
2026-04-08 10:30:00,890.66,1400
2026-04-08 11:00:00,978.1,1400
2026-04-08 11:30:00,946.83,1400
2026-04-08 12:00:00,983.93,1400
2026-04-08 12:30:00,940.09,1400
2026-04-08 13:00:00,944.97,1400
2026-04-08 13:30:00,952.1,1400
2026-04-08 14:00:00,942.29,1400
2026-04-08 14:30:00,844.46,1400
2026-04-08 15:00:00,797.98,1400
2026-04-08 15:30:00,787.26,1400
2026-04-08 16:00:00,660.72,1400
2026-04-08 16:30:00,689.77,1400
2026-04-08 17:00:00,581.68,1400
2026-04-08 17:30:00,581.98,1400
2026-04-08 18:00:00,545.13,1400
2026-04-08 18:30:00,566.04,1400
2026-04-08 19:00:00,594.18,1400
2026-04-08 19:30:00,564.46,1400
2026-04-08 20:00:00,629.27,1400
2026-04-08 20:30:00,651.21,1400
2026-04-08 21:00:00,746.05,1400
2026-04-08 21:30:00,762.94,1400
2026-04-08 22:00:00,906.03,1400
2026-04-08 22:30:00,861.62,1400
2026-04-08 23:00:00,952.31,1400
2026-04-08 23:30:00,955.2,1400
2026-04-09 00:00:00,1007.82,1400
2026-04-09 00:30:00,916.55,1400
2026-04-09 01:00:00,936.18,1400
2026-04-09 01:30:00,959.58,1400
2026-04-09 02:00:00,905.05,1400
2026-04-09 02:30:00,860.71,1400
2026-04-09 03:00:00,721.37,1400
2026-04-09 03:30:00,778.61,1400
2026-04-09 04:00:00,642.71,1400
2026-04-09 04:30:00,631.82,1400
2026-04-09 05:00:00,564.49,1400
2026-04-09 05:30:00,572.08,1400
2026-04-09 06:00:00,536.09,1400
2026-04-09 06:30:00,509.87,1400
2026-04-09 07:00:00,590.74,1400
2026-04-09 07:30:00,597.26,1400
2026-04-09 08:00:00,668.01,1400
2026-04-09 08:30:00,632.84,1400
2026-04-09 09:00:00,759.78,1400
2026-04-09 09:30:00,764.25,1400
2026-04-09 10:00:00,889.29,1400
2026-04-09 10:30:00,891.12,1400
2026-04-09 11:00:00,932.54,1400
2026-04-09 11:30:00,955.89,1400
2026-04-09 12:00:00,996.28,1400
2026-04-09 12:30:00,1025.72,1400
2026-04-09 13:00:00,973.69,1400
2026-04-09 13:30:00,976.11,1400
2026-04-09 14:00:00,875.8,1400
2026-04-09 14:30:00,910.57,1400
2026-04-09 15:00:00,773.8,1400
2026-04-09 15:30:00,744.65,1400
2026-04-09 16:00:00,682.78,1400
2026-04-09 16:30:00,668.92,1400
2026-04-09 17:00:00,567.61,1400
2026-04-09 17:30:00,566.99,1400
2026-04-09 18:00:00,550.86,1400
2026-04-09 18:30:00,553.59,1400
2026-04-09 19:00:00,578.66,1400
2026-04-09 19:30:00,580.63,1400
2026-04-09 20:00:00,688.61,1400
2026-04-09 20:30:00,676.26,1400
2026-04-09 21:00:00,768.77,1400
2026-04-09 21:30:00,785.99,1400
2026-04-09 22:00:00,846.54,1400
2026-04-09 22:30:00,884.03,1400
2026-04-09 23:00:00,1005.3,1400
2026-04-09 23:30:00,947.3,1400
2026-04-10 00:00:00,957.81,1400
2026-04-10 00:30:00,963.57,1400
2026-04-10 01:00:00,922.37,1400
2026-04-10 01:30:00,931.09,1400
2026-04-10 02:00:00,863.89,1400
2026-04-10 02:30:00,836.76,1400
2026-04-10 03:00:00,764.76,1400
2026-04-10 03:30:00,785.09,1400
2026-04-10 04:00:00,637.36,1400
2026-04-10 04:30:00,685.06,1400
2026-04-10 05:00:00,584.08,1400
2026-04-10 05:30:00,593.05,1400
2026-04-10 06:00:00,535.22,1400
2026-04-10 06:30:00,560.0,1400
2026-04-10 07:00:00,556.42,1400
2026-04-10 07:30:00,590.62,1400
2026-04-10 08:00:00,658.58,1400
2026-04-10 08:30:00,666.07,1400
2026-04-10 09:00:00,737.44,1400
2026-04-10 09:30:00,743.87,1400
2026-04-10 10:00:00,889.25,1400
2026-04-10 10:30:00,848.75,1400
2026-04-10 11:00:00,966.79,1400
2026-04-10 11:30:00,914.43,1400
2026-04-10 12:00:00,1007.81,1400
2026-04-10 12:30:00,946.46,1400
2026-04-10 13:00:00,969.34,1400
2026-04-10 13:30:00,971.44,1400
2026-04-10 14:00:00,855.34,1400
2026-04-10 14:30:00,888.85,1400
2026-04-10 15:00:00,770.37,1400
2026-04-10 15:30:00,752.04,1400
2026-04-10 16:00:00,635.38,1400
2026-04-10 16:30:00,616.62,1400
2026-04-10 17:00:00,581.29,1400
2026-04-10 17:30:00,548.25,1400
2026-04-10 18:00:00,547.56,1400
2026-04-10 18:30:00,541.68,1400
2026-04-10 19:00:00,586.98,1400
2026-04-10 19:30:00,570.05,1400
2026-04-10 20:00:00,648.72,1400
2026-04-10 20:30:00,669.59,1400
2026-04-10 21:00:00,772.08,1400
2026-04-10 21:30:00,771.65,1400
2026-04-10 22:00:00,885.9,1400
2026-04-10 22:30:00,833.36,1400
2026-04-10 23:00:00,975.19,1400
2026-04-10 23:30:00,971.06,1400
2026-04-11 00:00:00,952.82,1400
2026-04-11 00:30:00,975.6,1400
2026-04-11 01:00:00,952.42,1400
2026-04-11 01:30:00,949.69,1400
2026-04-11 02:00:00,882.35,1400
2026-04-11 02:30:00,911.11,1400
2026-04-11 03:00:00,789.21,1400
2026-04-11 03:30:00,734.31,1400
2026-04-11 04:00:00,667.43,1400
2026-04-11 04:30:00,681.32,1400
2026-04-11 05:00:00,581.94,1400
2026-04-11 05:30:00,594.09,1400
2026-04-11 06:00:00,578.96,1400
2026-04-11 06:30:00,562.77,1400
2026-04-11 07:00:00,579.56,1400
2026-04-11 07:30:00,593.3,1400
2026-04-11 08:00:00,658.05,1400
2026-04-11 08:30:00,655.67,1400
2026-04-11 09:00:00,756.34,1400
2026-04-11 09:30:00,800.25,1400
2026-04-11 10:00:00,852.15,1400
2026-04-11 10:30:00,913.76,1400
2026-04-11 11:00:00,967.84,1400
2026-04-11 11:30:00,913.51,1400
2026-04-11 12:00:00,993.64,1400
2026-04-11 12:30:00,920.88,1400
2026-04-11 13:00:00,971.43,1400
2026-04-11 13:30:00,978.86,1400
2026-04-11 14:00:00,858.08,1400
2026-04-11 14:30:00,876.84,1400
2026-04-11 15:00:00,809.21,1400
2026-04-11 15:30:00,752.8,1400
2026-04-11 16:00:00,634.39,1400
2026-04-11 16:30:00,684.32,1400
2026-04-11 17:00:00,609.13,1400
2026-04-11 17:30:00,575.32,1400
2026-04-11 18:00:00,562.57,1400
2026-04-11 18:30:00,567.97,1400
2026-04-11 19:00:00,562.45,1400
2026-04-11 19:30:00,566.88,1400
2026-04-11 20:00:00,679.39,1400
2026-04-11 20:30:00,688.32,1400
2026-04-11 21:00:00,777.31,1400
2026-04-11 21:30:00,744.22,1400
2026-04-11 22:00:00,925.68,1400
2026-04-11 22:30:00,859.68,1400
2026-04-11 23:00:00,943.95,1400
2026-04-11 23:30:00,963.33,1400
2026-04-12 00:00:00,1028.62,1400
2026-04-12 00:30:00,1007.98,1400
2026-04-12 01:00:00,965.41,1400
2026-04-12 01:30:00,966.79,1400
2026-04-12 02:00:00,874.74,1400
2026-04-12 02:30:00,888.23,1400
2026-04-12 03:00:00,706.39,1400
2026-04-12 03:30:00,757.6,1400
2026-04-12 04:00:00,659.94,1400
2026-04-12 04:30:00,632.58,1400
2026-04-12 05:00:00,581.93,1400
2026-04-12 05:30:00,571.73,1400
2026-04-12 06:00:00,574.75,1400
2026-04-12 06:30:00,571.77,1400
2026-04-12 07:00:00,567.22,1400
2026-04-12 07:30:00,572.66,1400
2026-04-12 08:00:00,653.75,1400
2026-04-12 08:30:00,646.32,1400
2026-04-12 09:00:00,768.87,1400
2026-04-12 09:30:00,747.01,1400
2026-04-12 10:00:00,843.97,1400
2026-04-12 10:30:00,889.92,1400
2026-04-12 11:00:00,971.55,1400
2026-04-12 11:30:00,930.53,1400
2026-04-12 12:00:00,1009.2,1400
2026-04-12 12:30:00,964.18,1400
2026-04-12 13:00:00,960.78,1400
2026-04-12 13:30:00,977.01,1400
2026-04-12 14:00:00,872.72,1400
2026-04-12 14:30:00,885.52,1400
2026-04-12 15:00:00,752.56,1400
2026-04-12 15:30:00,759.89,1400
2026-04-12 16:00:00,651.15,1400
2026-04-12 16:30:00,640.53,1400
2026-04-12 17:00:00,572.21,1400
2026-04-12 17:30:00,548.53,1400
2026-04-12 18:00:00,537.95,1400
2026-04-12 18:30:00,541.33,1400
2026-04-12 19:00:00,570.84,1400
2026-04-12 19:30:00,571.09,1400
2026-04-12 20:00:00,653.99,1400
2026-04-12 20:30:00,664.62,1400
2026-04-12 21:00:00,784.45,1400
2026-04-12 21:30:00,749.5,1400
2026-04-12 22:00:00,842.07,1400
2026-04-12 22:30:00,846.29,1400
2026-04-12 23:00:00,939.6,1400
2026-04-12 23:30:00,943.47,1400
2026-04-13 00:00:00,960.1,1400
2026-04-13 00:30:00,944.59,1400
2026-04-13 01:00:00,940.49,1400
2026-04-13 01:30:00,958.73,1400
2026-04-13 02:00:00,889.19,1400
2026-04-13 02:30:00,858.99,1400
2026-04-13 03:00:00,754.93,1400
2026-04-13 03:30:00,743.15,1400
2026-04-13 04:00:00,654.58,1400
2026-04-13 04:30:00,638.52,1400
2026-04-13 05:00:00,585.15,1400
2026-04-13 05:30:00,544.44,1400
2026-04-13 06:00:00,540.11,1400
2026-04-13 06:30:00,550.93,1400
2026-04-13 07:00:00,578.43,1400
2026-04-13 07:30:00,621.74,1400
2026-04-13 08:00:00,662.08,1400
2026-04-13 08:30:00,635.46,1400
2026-04-13 09:00:00,762.21,1400
2026-04-13 09:30:00,723.67,1400
2026-04-13 10:00:00,871.49,1400
2026-04-13 10:30:00,851.77,1400
2026-04-13 11:00:00,979.73,1400
2026-04-13 11:30:00,937.82,1400
2026-04-13 12:00:00,979.36,1400
2026-04-13 12:30:00,964.06,1400
2026-04-13 13:00:00,1003.28,1400
2026-04-13 13:30:00,944.35,1400
2026-04-13 14:00:00,921.63,1400
2026-04-13 14:30:00,894.94,1400
2026-04-13 15:00:00,775.45,1400
2026-04-13 15:30:00,772.86,1400
2026-04-13 16:00:00,662.94,1400
2026-04-13 16:30:00,617.31,1400
2026-04-13 17:00:00,570.45,1400
2026-04-13 17:30:00,589.85,1400
2026-04-13 18:00:00,545.2,1400
2026-04-13 18:30:00,522.98,1400
2026-04-13 19:00:00,574.36,1400
2026-04-13 19:30:00,604.67,1400
2026-04-13 20:00:00,679.71,1400
2026-04-13 20:30:00,653.98,1400
2026-04-13 21:00:00,786.22,1400
2026-04-13 21:30:00,756.0,1400
2026-04-13 22:00:00,828.94,1400
2026-04-13 22:30:00,849.37,1400
2026-04-13 23:00:00,998.25,1400
2026-04-13 23:30:00,945.7,1400
2026-04-14 00:00:00,975.62,1400
2026-04-14 00:30:00,973.96,1400
2026-04-14 01:00:00,1008.01,1400
2026-04-14 01:30:00,1000.05,1400
2026-04-14 02:00:00,931.75,1400
2026-04-14 02:30:00,869.43,1400
2026-04-14 03:00:00,771.18,1400
2026-04-14 03:30:00,729.62,1400
2026-04-14 04:00:00,684.23,1400
2026-04-14 04:30:00,632.25,1400
2026-04-14 05:00:00,579.0,1400
2026-04-14 05:30:00,556.32,1400
2026-04-14 06:00:00,536.35,1400
2026-04-14 06:30:00,532.29,1400
2026-04-14 07:00:00,564.77,1400
2026-04-14 07:30:00,565.96,1400
2026-04-14 08:00:00,644.42,1400
2026-04-14 08:30:00,671.58,1400
2026-04-14 09:00:00,739.06,1400
2026-04-14 09:30:00,769.46,1400
2026-04-14 10:00:00,905.52,1400
2026-04-14 10:30:00,860.15,1400
2026-04-14 11:00:00,933.0,1400
2026-04-14 11:30:00,946.95,1400
2026-04-14 12:00:00,1017.58,1400
2026-04-14 12:30:00,988.52,1400
2026-04-14 13:00:00,938.34,1400
2026-04-14 13:30:00,967.38,1400
2026-04-14 14:00:00,844.71,1400
2026-04-14 14:30:00,891.46,1400
2026-04-14 15:00:00,773.77,1400
2026-04-14 15:30:00,757.34,1400
2026-04-14 16:00:00,638.72,1400
2026-04-14 16:30:00,637.77,1400
2026-04-14 17:00:00,584.49,1400
2026-04-14 17:30:00,596.47,1400
2026-04-14 18:00:00,535.56,1400
2026-04-14 18:30:00,553.51,1400
2026-04-14 19:00:00,539.24,1400
2026-04-14 19:30:00,565.17,1400
2026-04-14 20:00:00,654.59,1400
2026-04-14 20:30:00,637.32,1400
2026-04-14 21:00:00,742.92,1400
2026-04-14 21:30:00,749.09,1400
2026-04-14 22:00:00,881.26,1400
2026-04-14 22:30:00,868.69,1400
2026-04-14 23:00:00,889.51,1400
2026-04-14 23:30:00,892.87,1400
2026-04-15 00:00:00,964.91,1400
2026-04-15 00:30:00,996.29,1400
2026-04-15 01:00:00,874.94,1400
2026-04-15 01:30:00,939.24,1400
2026-04-15 02:00:00,859.81,1400
2026-04-15 02:30:00,909.99,1400
2026-04-15 03:00:00,755.57,1400
2026-04-15 03:30:00,773.18,1400
2026-04-15 04:00:00,657.98,1400
2026-04-15 04:30:00,613.32,1400
2026-04-15 05:00:00,588.52,1400
2026-04-15 05:30:00,578.98,1400
2026-04-15 06:00:00,554.33,1400
2026-04-15 06:30:00,610.31,1400
2026-04-15 07:00:00,539.29,1400
2026-04-15 07:30:00,605.02,1400
2026-04-15 08:00:00,649.55,1400
2026-04-15 08:30:00,660.85,1400
2026-04-15 09:00:00,763.36,1400
2026-04-15 09:30:00,754.67,1400
2026-04-15 10:00:00,858.67,1400
2026-04-15 10:30:00,882.24,1400
2026-04-15 11:00:00,910.14,1400
2026-04-15 11:30:00,975.01,1400
2026-04-15 12:00:00,970.53,1400
2026-04-15 12:30:00,949.48,1400
2026-04-15 13:00:00,940.67,1400
2026-04-15 13:30:00,989.5,1400
2026-04-15 14:00:00,859.57,1400
2026-04-15 14:30:00,882.99,1400
2026-04-15 15:00:00,747.64,1400
2026-04-15 15:30:00,781.78,1400
2026-04-15 16:00:00,668.67,1400
2026-04-15 16:30:00,691.54,1400
2026-04-15 17:00:00,572.23,1400
2026-04-15 17:30:00,586.8,1400
2026-04-15 18:00:00,547.61,1400
2026-04-15 18:30:00,567.23,1400
2026-04-15 19:00:00,562.85,1400
2026-04-15 19:30:00,588.12,1400
2026-04-15 20:00:00,651.37,1400
2026-04-15 20:30:00,653.94,1400
2026-04-15 21:00:00,766.5,1400
2026-04-15 21:30:00,770.18,1400
2026-04-15 22:00:00,870.55,1400
2026-04-15 22:30:00,879.23,1400
2026-04-15 23:00:00,998.68,1400
2026-04-15 23:30:00,981.73,1400
2026-04-16 00:00:00,1008.43,1400
2026-04-16 00:30:00,969.37,1400
2026-04-16 01:00:00,928.1,1400
2026-04-16 01:30:00,980.87,1400
2026-04-16 02:00:00,896.56,1400
2026-04-16 02:30:00,912.2,1400
2026-04-16 03:00:00,750.55,1400
2026-04-16 03:30:00,759.14,1400
2026-04-16 04:00:00,622.97,1400
2026-04-16 04:30:00,647.49,1400
2026-04-16 05:00:00,592.46,1400
2026-04-16 05:30:00,567.21,1400
2026-04-16 06:00:00,556.49,1400
2026-04-16 06:30:00,542.88,1400
2026-04-16 07:00:00,580.85,1400
2026-04-16 07:30:00,555.45,1400
2026-04-16 08:00:00,656.87,1400
2026-04-16 08:30:00,596.41,1400
2026-04-16 09:00:00,760.11,1400
2026-04-16 09:30:00,727.01,1400
2026-04-16 10:00:00,905.21,1400
2026-04-16 10:30:00,893.97,1400
2026-04-16 11:00:00,966.89,1400
2026-04-16 11:30:00,997.05,1400
2026-04-16 12:00:00,954.82,1400
2026-04-16 12:30:00,1034.32,1400
2026-04-16 13:00:00,980.21,1400
2026-04-16 13:30:00,946.77,1400
2026-04-16 14:00:00,903.36,1400
2026-04-16 14:30:00,844.61,1400
2026-04-16 15:00:00,745.49,1400
2026-04-16 15:30:00,750.44,1400
2026-04-16 16:00:00,644.8,1400
2026-04-16 16:30:00,634.43,1400
2026-04-16 17:00:00,596.37,1400
2026-04-16 17:30:00,570.79,1400
2026-04-16 18:00:00,551.77,1400
2026-04-16 18:30:00,536.66,1400
2026-04-16 19:00:00,543.84,1400
2026-04-16 19:30:00,579.92,1400
2026-04-16 20:00:00,617.61,1400
2026-04-16 20:30:00,653.85,1400
2026-04-16 21:00:00,733.02,1400
2026-04-16 21:30:00,809.97,1400
2026-04-16 22:00:00,897.48,1400
2026-04-16 22:30:00,876.37,1400
2026-04-16 23:00:00,989.69,1400
2026-04-16 23:30:00,929.33,1400
2026-04-17 00:00:00,998.82,1400
2026-04-17 00:30:00,988.69,1400
2026-04-17 01:00:00,961.09,1400
2026-04-17 01:30:00,989.94,1400
2026-04-17 02:00:00,892.8,1400
2026-04-17 02:30:00,881.17,1400
2026-04-17 03:00:00,726.45,1400
2026-04-17 03:30:00,742.38,1400
2026-04-17 04:00:00,652.79,1400
2026-04-17 04:30:00,657.04,1400
2026-04-17 05:00:00,555.76,1400
2026-04-17 05:30:00,616.88,1400
2026-04-17 06:00:00,570.84,1400
2026-04-17 06:30:00,555.86,1400
2026-04-17 07:00:00,576.5,1400
2026-04-17 07:30:00,571.6,1400
2026-04-17 08:00:00,636.49,1400
2026-04-17 08:30:00,656.72,1400
2026-04-17 09:00:00,770.31,1400
2026-04-17 09:30:00,735.92,1400
2026-04-17 10:00:00,882.36,1400
2026-04-17 10:30:00,869.53,1400
2026-04-17 11:00:00,898.96,1400
2026-04-17 11:30:00,928.93,1400
2026-04-17 12:00:00,970.61,1400
2026-04-17 12:30:00,1038.46,1400
2026-04-17 13:00:00,969.46,1400
2026-04-17 13:30:00,915.34,1400
2026-04-17 14:00:00,886.34,1400
2026-04-17 14:30:00,833.05,1400
2026-04-17 15:00:00,789.23,1400
2026-04-17 15:30:00,753.6,1400
2026-04-17 16:00:00,653.36,1400
2026-04-17 16:30:00,681.26,1400
2026-04-17 17:00:00,553.05,1400
2026-04-17 17:30:00,551.15,1400
2026-04-17 18:00:00,536.44,1400
2026-04-17 18:30:00,563.01,1400
2026-04-17 19:00:00,549.04,1400
2026-04-17 19:30:00,526.38,1400
2026-04-17 20:00:00,646.33,1400
2026-04-17 20:30:00,666.05,1400
2026-04-17 21:00:00,791.92,1400
2026-04-17 21:30:00,753.78,1400
2026-04-17 22:00:00,862.82,1400
2026-04-17 22:30:00,903.84,1400
2026-04-17 23:00:00,900.05,1400
2026-04-17 23:30:00,942.43,1400
2026-04-18 00:00:00,988.41,1400
2026-04-18 00:30:00,996.04,1400
2026-04-18 01:00:00,938.96,1400
2026-04-18 01:30:00,954.53,1400
2026-04-18 02:00:00,808.39,1400
2026-04-18 02:30:00,856.35,1400
2026-04-18 03:00:00,774.8,1400
2026-04-18 03:30:00,741.87,1400
2026-04-18 04:00:00,656.36,1400
2026-04-18 04:30:00,663.98,1400
2026-04-18 05:00:00,569.35,1400
2026-04-18 05:30:00,578.2,1400
2026-04-18 06:00:00,530.23,1400
2026-04-18 06:30:00,542.62,1400
2026-04-18 07:00:00,585.79,1400
2026-04-18 07:30:00,577.97,1400
2026-04-18 08:00:00,643.67,1400
2026-04-18 08:30:00,659.61,1400
2026-04-18 09:00:00,780.79,1400
2026-04-18 09:30:00,717.39,1400
2026-04-18 10:00:00,903.98,1400
2026-04-18 10:30:00,864.79,1400
2026-04-18 11:00:00,965.71,1400
2026-04-18 11:30:00,987.79,1400
2026-04-18 12:00:00,942.36,1400
2026-04-18 12:30:00,961.88,1400
2026-04-18 13:00:00,945.29,1400
2026-04-18 13:30:00,931.12,1400
2026-04-18 14:00:00,919.07,1400
2026-04-18 14:30:00,851.15,1400
2026-04-18 15:00:00,751.66,1400
2026-04-18 15:30:00,769.09,1400
2026-04-18 16:00:00,631.57,1400
2026-04-18 16:30:00,647.42,1400
2026-04-18 17:00:00,580.74,1400
2026-04-18 17:30:00,569.52,1400
2026-04-18 18:00:00,544.47,1400
2026-04-18 18:30:00,537.33,1400
2026-04-18 19:00:00,549.12,1400
2026-04-18 19:30:00,580.81,1400
2026-04-18 20:00:00,689.69,1400
2026-04-18 20:30:00,655.56,1400
2026-04-18 21:00:00,769.57,1400
2026-04-18 21:30:00,780.29,1400
2026-04-18 22:00:00,840.33,1400
2026-04-18 22:30:00,918.22,1400
2026-04-18 23:00:00,959.33,1400
2026-04-18 23:30:00,1000.22,1400
2026-04-19 00:00:00,961.19,1400
2026-04-19 00:30:00,1036.4,1400
2026-04-19 01:00:00,975.71,1400
2026-04-19 01:30:00,969.36,1400
2026-04-19 02:00:00,879.73,1400
2026-04-19 02:30:00,867.09,1400
2026-04-19 03:00:00,791.93,1400
2026-04-19 03:30:00,767.62,1400
2026-04-19 04:00:00,616.54,1400
2026-04-19 04:30:00,633.24,1400
2026-04-19 05:00:00,572.05,1400
2026-04-19 05:30:00,580.61,1400
2026-04-19 06:00:00,545.07,1400
2026-04-19 06:30:00,565.97,1400
2026-04-19 07:00:00,541.59,1400
2026-04-19 07:30:00,577.74,1400
2026-04-19 08:00:00,619.47,1400
2026-04-19 08:30:00,670.13,1400
2026-04-19 09:00:00,762.23,1400
2026-04-19 09:30:00,774.02,1400
2026-04-19 10:00:00,850.96,1400
2026-04-19 10:30:00,907.13,1400
2026-04-19 11:00:00,983.34,1400
2026-04-19 11:30:00,970.23,1400
2026-04-19 12:00:00,978.98,1400
2026-04-19 12:30:00,999.9,1400
2026-04-19 13:00:00,933.32,1400
2026-04-19 13:30:00,978.01,1400
2026-04-19 14:00:00,916.83,1400
2026-04-19 14:30:00,901.66,1400
2026-04-19 15:00:00,747.67,1400
2026-04-19 15:30:00,772.69,1400
2026-04-19 16:00:00,629.78,1400
2026-04-19 16:30:00,666.45,1400
2026-04-19 17:00:00,583.04,1400
2026-04-19 17:30:00,542.99,1400
2026-04-19 18:00:00,526.97,1400
2026-04-19 18:30:00,541.36,1400
2026-04-19 19:00:00,570.07,1400
2026-04-19 19:30:00,554.39,1400
2026-04-19 20:00:00,662.85,1400
2026-04-19 20:30:00,660.14,1400
2026-04-19 21:00:00,759.95,1400
2026-04-19 21:30:00,747.07,1400
2026-04-19 22:00:00,901.08,1400
2026-04-19 22:30:00,916.98,1400
2026-04-19 23:00:00,939.71,1400
2026-04-19 23:30:00,936.03,1400
2026-04-20 00:00:00,997.28,1400
2026-04-20 00:30:00,972.24,1400
2026-04-20 01:00:00,949.55,1400
2026-04-20 01:30:00,974.7,1400
2026-04-20 02:00:00,823.56,1400
2026-04-20 02:30:00,908.15,1400
2026-04-20 03:00:00,766.07,1400
2026-04-20 03:30:00,754.96,1400
2026-04-20 04:00:00,653.45,1400
2026-04-20 04:30:00,654.46,1400
2026-04-20 05:00:00,545.38,1400
2026-04-20 05:30:00,601.06,1400
2026-04-20 06:00:00,546.68,1400
2026-04-20 06:30:00,553.26,1400
2026-04-20 07:00:00,591.68,1400
2026-04-20 07:30:00,557.64,1400
2026-04-20 08:00:00,664.51,1400
2026-04-20 08:30:00,649.94,1400
2026-04-20 09:00:00,783.82,1400
2026-04-20 09:30:00,715.62,1400
2026-04-20 10:00:00,871.0,1400
2026-04-20 10:30:00,857.8,1400
2026-04-20 11:00:00,965.91,1400
2026-04-20 11:30:00,966.99,1400
2026-04-20 12:00:00,961.94,1400
2026-04-20 12:30:00,961.8,1400
2026-04-20 13:00:00,950.37,1400
2026-04-20 13:30:00,927.89,1400
2026-04-20 14:00:00,895.67,1400
2026-04-20 14:30:00,863.92,1400
2026-04-20 15:00:00,697.74,1400
2026-04-20 15:30:00,755.8,1400
2026-04-20 16:00:00,634.79,1400
2026-04-20 16:30:00,623.14,1400
2026-04-20 17:00:00,553.9,1400
2026-04-20 17:30:00,577.15,1400
2026-04-20 18:00:00,567.76,1400
2026-04-20 18:30:00,551.13,1400
2026-04-20 19:00:00,564.79,1400
2026-04-20 19:30:00,583.13,1400
2026-04-20 20:00:00,646.18,1400
2026-04-20 20:30:00,641.55,1400
2026-04-20 21:00:00,737.93,1400
2026-04-20 21:30:00,724.23,1400
2026-04-20 22:00:00,863.38,1400
2026-04-20 22:30:00,877.74,1400
2026-04-20 23:00:00,950.78,1400
2026-04-20 23:30:00,941.64,1400
2026-04-21 00:00:00,954.92,1400
2026-04-21 00:30:00,1000.73,1400
2026-04-21 01:00:00,915.86,1400
2026-04-21 01:30:00,975.74,1400
2026-04-21 02:00:00,847.33,1400
2026-04-21 02:30:00,853.88,1400
2026-04-21 03:00:00,730.76,1400
2026-04-21 03:30:00,752.9,1400
2026-04-21 04:00:00,674.37,1400
2026-04-21 04:30:00,665.34,1400
2026-04-21 05:00:00,592.15,1400
2026-04-21 05:30:00,584.27,1400
2026-04-21 06:00:00,527.92,1400
2026-04-21 06:30:00,540.58,1400
2026-04-21 07:00:00,561.8,1400
2026-04-21 07:30:00,598.22,1400
2026-04-21 08:00:00,631.68,1400
2026-04-21 08:30:00,672.77,1400
2026-04-21 09:00:00,784.88,1400
2026-04-21 09:30:00,806.36,1400
2026-04-21 10:00:00,862.86,1400
2026-04-21 10:30:00,892.27,1400
2026-04-21 11:00:00,1018.81,1400
2026-04-21 11:30:00,935.87,1400
2026-04-21 12:00:00,937.54,1400
2026-04-21 12:30:00,927.37,1400
2026-04-21 13:00:00,973.93,1400
2026-04-21 13:30:00,899.67,1400
2026-04-21 14:00:00,863.84,1400
2026-04-21 14:30:00,885.06,1400
2026-04-21 15:00:00,768.65,1400
2026-04-21 15:30:00,774.16,1400
2026-04-21 16:00:00,659.57,1400
2026-04-21 16:30:00,680.34,1400
2026-04-21 17:00:00,558.83,1400
2026-04-21 17:30:00,563.58,1400
2026-04-21 18:00:00,533.34,1400
2026-04-21 18:30:00,559.6,1400
2026-04-21 19:00:00,590.8,1400
2026-04-21 19:30:00,583.05,1400
2026-04-21 20:00:00,678.46,1400
2026-04-21 20:30:00,632.04,1400
2026-04-21 21:00:00,802.63,1400
2026-04-21 21:30:00,799.33,1400
2026-04-21 22:00:00,892.88,1400
2026-04-21 22:30:00,920.3,1400
2026-04-21 23:00:00,906.15,1400
2026-04-21 23:30:00,938.54,1400
2026-04-22 00:00:00,961.12,1400
2026-04-22 00:30:00,1004.07,1400
2026-04-22 01:00:00,923.5,1400
2026-04-22 01:30:00,975.21,1400
2026-04-22 02:00:00,909.52,1400
2026-04-22 02:30:00,891.82,1400
2026-04-22 03:00:00,770.91,1400
2026-04-22 03:30:00,741.75,1400
2026-04-22 04:00:00,638.55,1400
2026-04-22 04:30:00,679.76,1400
2026-04-22 05:00:00,588.71,1400
2026-04-22 05:30:00,574.59,1400
2026-04-22 06:00:00,539.15,1400
2026-04-22 06:30:00,512.82,1400
2026-04-22 07:00:00,556.78,1400
2026-04-22 07:30:00,608.25,1400
2026-04-22 08:00:00,630.03,1400
2026-04-22 08:30:00,658.92,1400
2026-04-22 09:00:00,787.5,1400
2026-04-22 09:30:00,735.62,1400
2026-04-22 10:00:00,878.44,1400
2026-04-22 10:30:00,898.18,1400
2026-04-22 11:00:00,953.9,1400
2026-04-22 11:30:00,1035.59,1400
2026-04-22 12:00:00,933.6,1400
2026-04-22 12:30:00,1014.02,1400
2026-04-22 13:00:00,948.6,1400
2026-04-22 13:30:00,975.62,1400
2026-04-22 14:00:00,885.17,1400
2026-04-22 14:30:00,854.39,1400
2026-04-22 15:00:00,769.65,1400
2026-04-22 15:30:00,721.79,1400
2026-04-22 16:00:00,667.06,1400
2026-04-22 16:30:00,661.06,1400
2026-04-22 17:00:00,586.28,1400
2026-04-22 17:30:00,593.52,1400
2026-04-22 18:00:00,552.02,1400
2026-04-22 18:30:00,548.43,1400
2026-04-22 19:00:00,560.05,1400
2026-04-22 19:30:00,562.97,1400
2026-04-22 20:00:00,678.53,1400
2026-04-22 20:30:00,683.43,1400
2026-04-22 21:00:00,758.94,1400
2026-04-22 21:30:00,765.45,1400
2026-04-22 22:00:00,849.89,1400
2026-04-22 22:30:00,904.34,1400
2026-04-22 23:00:00,972.57,1400
2026-04-22 23:30:00,1009.07,1400
2026-04-23 00:00:00,956.9,1400
2026-04-23 00:30:00,971.65,1400
2026-04-23 01:00:00,960.16,1400
2026-04-23 01:30:00,972.03,1400
2026-04-23 02:00:00,867.95,1400
2026-04-23 02:30:00,850.72,1400
2026-04-23 03:00:00,784.61,1400
2026-04-23 03:30:00,780.94,1400
2026-04-23 04:00:00,637.19,1400
2026-04-23 04:30:00,681.84,1400
2026-04-23 05:00:00,595.46,1400
2026-04-23 05:30:00,577.58,1400
2026-04-23 06:00:00,547.3,1400
2026-04-23 06:30:00,555.08,1400
2026-04-23 07:00:00,560.39,1400
2026-04-23 07:30:00,575.78,1400
2026-04-23 08:00:00,612.89,1400
2026-04-23 08:30:00,672.43,1400
2026-04-23 09:00:00,728.59,1400
2026-04-23 09:30:00,798.88,1400
2026-04-23 10:00:00,864.95,1400
2026-04-23 10:30:00,868.05,1400
2026-04-23 11:00:00,935.58,1400
2026-04-23 11:30:00,945.3,1400
2026-04-23 12:00:00,1024.62,1400
2026-04-23 12:30:00,909.45,1400
2026-04-23 13:00:00,990.07,1400
2026-04-23 13:30:00,963.21,1400
2026-04-23 14:00:00,841.97,1400
2026-04-23 14:30:00,845.42,1400
2026-04-23 15:00:00,802.84,1400
2026-04-23 15:30:00,742.72,1400
2026-04-23 16:00:00,632.53,1400
2026-04-23 16:30:00,677.56,1400
2026-04-23 17:00:00,581.1,1400
2026-04-23 17:30:00,559.07,1400
2026-04-23 18:00:00,549.55,1400
2026-04-23 18:30:00,529.2,1400
2026-04-23 19:00:00,594.26,1400
2026-04-23 19:30:00,593.58,1400
2026-04-23 20:00:00,665.66,1400
2026-04-23 20:30:00,662.31,1400
2026-04-23 21:00:00,804.79,1400
2026-04-23 21:30:00,764.39,1400
2026-04-23 22:00:00,842.63,1400
2026-04-23 22:30:00,885.38,1400
2026-04-23 23:00:00,1013.21,1400
2026-04-23 23:30:00,924.51,1400
2026-04-24 00:00:00,972.14,1400
2026-04-24 00:30:00,995.08,1400
2026-04-24 01:00:00,952.0,1400
2026-04-24 01:30:00,925.44,1400
2026-04-24 02:00:00,903.0,1400
2026-04-24 02:30:00,934.4,1400
2026-04-24 03:00:00,768.9,1400
2026-04-24 03:30:00,743.67,1400
2026-04-24 04:00:00,624.75,1400
2026-04-24 04:30:00,660.27,1400
2026-04-24 05:00:00,594.31,1400
2026-04-24 05:30:00,583.46,1400
2026-04-24 06:00:00,545.96,1400
2026-04-24 06:30:00,536.35,1400
2026-04-24 07:00:00,556.41,1400
2026-04-24 07:30:00,589.67,1400
2026-04-24 08:00:00,673.16,1400
2026-04-24 08:30:00,624.82,1400
2026-04-24 09:00:00,800.86,1400
2026-04-24 09:30:00,777.56,1400
2026-04-24 10:00:00,910.28,1400
2026-04-24 10:30:00,838.43,1400
2026-04-24 11:00:00,914.47,1400
2026-04-24 11:30:00,949.28,1400
2026-04-24 12:00:00,997.62,1400
2026-04-24 12:30:00,1035.76,1400
2026-04-24 13:00:00,973.74,1400
2026-04-24 13:30:00,946.6,1400
2026-04-24 14:00:00,846.7,1400
2026-04-24 14:30:00,905.84,1400
2026-04-24 15:00:00,742.28,1400
2026-04-24 15:30:00,801.74,1400
2026-04-24 16:00:00,649.61,1400
2026-04-24 16:30:00,686.46,1400
2026-04-24 17:00:00,586.98,1400
2026-04-24 17:30:00,572.9,1400
2026-04-24 18:00:00,537.49,1400
2026-04-24 18:30:00,540.42,1400
2026-04-24 19:00:00,582.65,1400
2026-04-24 19:30:00,576.59,1400
2026-04-24 20:00:00,643.53,1400
2026-04-24 20:30:00,651.94,1400
2026-04-24 21:00:00,766.2,1400
2026-04-24 21:30:00,715.58,1400
2026-04-24 22:00:00,885.61,1400
2026-04-24 22:30:00,847.92,1400
2026-04-24 23:00:00,920.55,1400
2026-04-24 23:30:00,905.27,1400
2026-04-25 00:00:00,929.91,1400
2026-04-25 00:30:00,942.84,1400
2026-04-25 01:00:00,933.26,1400
2026-04-25 01:30:00,1009.42,1400
2026-04-25 02:00:00,859.82,1400
2026-04-25 02:30:00,878.26,1400
2026-04-25 03:00:00,773.58,1400
2026-04-25 03:30:00,767.41,1400
2026-04-25 04:00:00,653.68,1400
2026-04-25 04:30:00,631.71,1400
2026-04-25 05:00:00,600.3,1400
2026-04-25 05:30:00,606.45,1400
2026-04-25 06:00:00,518.44,1400
2026-04-25 06:30:00,529.23,1400
2026-04-25 07:00:00,570.43,1400
2026-04-25 07:30:00,558.61,1400
2026-04-25 08:00:00,665.15,1400
2026-04-25 08:30:00,640.89,1400
2026-04-25 09:00:00,814.05,1400
2026-04-25 09:30:00,791.7,1400
2026-04-25 10:00:00,879.17,1400
2026-04-25 10:30:00,900.52,1400
2026-04-25 11:00:00,985.18,1400
2026-04-25 11:30:00,937.41,1400
2026-04-25 12:00:00,958.73,1400
2026-04-25 12:30:00,985.1,1400
2026-04-25 13:00:00,978.19,1400
2026-04-25 13:30:00,957.52,1400
2026-04-25 14:00:00,832.27,1400
2026-04-25 14:30:00,852.56,1400
2026-04-25 15:00:00,762.7,1400
2026-04-25 15:30:00,762.66,1400
2026-04-25 16:00:00,693.97,1400
2026-04-25 16:30:00,627.96,1400
2026-04-25 17:00:00,583.99,1400
2026-04-25 17:30:00,600.96,1400
2026-04-25 18:00:00,583.21,1400
2026-04-25 18:30:00,539.38,1400
2026-04-25 19:00:00,583.74,1400
2026-04-25 19:30:00,585.09,1400
2026-04-25 20:00:00,659.04,1400
2026-04-25 20:30:00,653.26,1400
2026-04-25 21:00:00,774.4,1400
2026-04-25 21:30:00,706.33,1400
2026-04-25 22:00:00,891.48,1400
2026-04-25 22:30:00,876.91,1400
2026-04-25 23:00:00,947.18,1400
2026-04-25 23:30:00,1012.09,1400
2026-04-26 00:00:00,962.9,1400
2026-04-26 00:30:00,970.92,1400
2026-04-26 01:00:00,1010.51,1400
2026-04-26 01:30:00,929.74,1400
2026-04-26 02:00:00,859.18,1400
2026-04-26 02:30:00,869.75,1400
2026-04-26 03:00:00,783.68,1400
2026-04-26 03:30:00,769.17,1400
2026-04-26 04:00:00,629.79,1400
2026-04-26 04:30:00,644.74,1400
2026-04-26 05:00:00,564.78,1400
2026-04-26 05:30:00,573.93,1400
2026-04-26 06:00:00,552.98,1400
2026-04-26 06:30:00,552.85,1400
2026-04-26 07:00:00,544.61,1400
2026-04-26 07:30:00,593.62,1400
2026-04-26 08:00:00,660.16,1400
2026-04-26 08:30:00,682.41,1400
2026-04-26 09:00:00,774.59,1400
2026-04-26 09:30:00,789.66,1400
2026-04-26 10:00:00,885.83,1400
2026-04-26 10:30:00,908.88,1400
2026-04-26 11:00:00,968.48,1400
2026-04-26 11:30:00,950.74,1400
2026-04-26 12:00:00,1049.8,1400
2026-04-26 12:30:00,1009.01,1400
2026-04-26 13:00:00,969.95,1400
2026-04-26 13:30:00,917.03,1400
2026-04-26 14:00:00,839.84,1400
2026-04-26 14:30:00,881.27,1400
2026-04-26 15:00:00,767.74,1400
2026-04-26 15:30:00,750.32,1400
2026-04-26 16:00:00,657.97,1400
2026-04-26 16:30:00,686.43,1400
2026-04-26 17:00:00,587.26,1400
2026-04-26 17:30:00,555.57,1400
2026-04-26 18:00:00,544.17,1400
2026-04-26 18:30:00,532.81,1400
2026-04-26 19:00:00,568.57,1400
2026-04-26 19:30:00,568.12,1400
2026-04-26 20:00:00,645.81,1400
2026-04-26 20:30:00,630.53,1400
2026-04-26 21:00:00,761.47,1400
2026-04-26 21:30:00,751.54,1400
2026-04-26 22:00:00,796.83,1400
2026-04-26 22:30:00,927.4,1400
2026-04-26 23:00:00,984.69,1400
2026-04-26 23:30:00,942.78,1400
2026-04-27 00:00:00,983.35,1400
2026-04-27 00:30:00,948.25,1400
2026-04-27 01:00:00,1002.05,1400
2026-04-27 01:30:00,1007.81,1400
2026-04-27 02:00:00,877.71,1400
2026-04-27 02:30:00,900.42,1400
2026-04-27 03:00:00,768.42,1400
2026-04-27 03:30:00,733.75,1400
2026-04-27 04:00:00,647.11,1400
2026-04-27 04:30:00,657.79,1400
2026-04-27 05:00:00,567.42,1400
2026-04-27 05:30:00,571.49,1400
2026-04-27 06:00:00,544.5,1400
2026-04-27 06:30:00,544.68,1400
2026-04-27 07:00:00,576.16,1400
2026-04-27 07:30:00,556.96,1400
2026-04-27 08:00:00,641.11,1400
2026-04-27 08:30:00,629.95,1400
2026-04-27 09:00:00,786.82,1400
2026-04-27 09:30:00,716.11,1400
2026-04-27 10:00:00,903.83,1400
2026-04-27 10:30:00,909.93,1400
2026-04-27 11:00:00,944.9,1400
2026-04-27 11:30:00,879.07,1400
2026-04-27 12:00:00,972.15,1400
2026-04-27 12:30:00,980.91,1400
2026-04-27 13:00:00,924.63,1400
2026-04-27 13:30:00,938.8,1400
2026-04-27 14:00:00,913.7,1400
2026-04-27 14:30:00,891.03,1400
2026-04-27 15:00:00,743.2,1400
2026-04-27 15:30:00,727.76,1400
2026-04-27 16:00:00,648.77,1400
2026-04-27 16:30:00,651.0,1400
2026-04-27 17:00:00,583.82,1400
2026-04-27 17:30:00,566.02,1400
2026-04-27 18:00:00,554.38,1400
2026-04-27 18:30:00,577.7,1400
2026-04-27 19:00:00,589.33,1400
2026-04-27 19:30:00,574.43,1400
2026-04-27 20:00:00,651.6,1400
2026-04-27 20:30:00,648.19,1400
2026-04-27 21:00:00,791.47,1400
2026-04-27 21:30:00,750.01,1400
2026-04-27 22:00:00,874.79,1400
2026-04-27 22:30:00,874.94,1400
2026-04-27 23:00:00,939.19,1400
2026-04-27 23:30:00,914.28,1400
2026-04-28 00:00:00,992.32,1400
2026-04-28 00:30:00,981.0,1400
2026-04-28 01:00:00,967.85,1400
2026-04-28 01:30:00,938.28,1400
2026-04-28 02:00:00,905.6,1400
2026-04-28 02:30:00,850.62,1400
2026-04-28 03:00:00,803.66,1400
2026-04-28 03:30:00,724.32,1400
2026-04-28 04:00:00,663.75,1400
2026-04-28 04:30:00,664.55,1400
2026-04-28 05:00:00,561.53,1400
2026-04-28 05:30:00,582.58,1400
2026-04-28 06:00:00,566.96,1400
2026-04-28 06:30:00,509.69,1400
2026-04-28 07:00:00,583.94,1400
2026-04-28 07:30:00,532.23,1400
2026-04-28 08:00:00,636.22,1400
2026-04-28 08:30:00,687.22,1400
2026-04-28 09:00:00,751.06,1400
2026-04-28 09:30:00,737.48,1400
2026-04-28 10:00:00,868.41,1400
2026-04-28 10:30:00,927.8,1400
2026-04-28 11:00:00,901.14,1400
2026-04-28 11:30:00,923.47,1400
2026-04-28 12:00:00,1026.95,1400
2026-04-28 12:30:00,1037.57,1400
2026-04-28 13:00:00,950.58,1400
2026-04-28 13:30:00,918.1,1400
2026-04-28 14:00:00,928.53,1400
2026-04-28 14:30:00,915.39,1400
2026-04-28 15:00:00,779.97,1400
2026-04-28 15:30:00,745.77,1400
2026-04-28 16:00:00,654.24,1400
2026-04-28 16:30:00,652.05,1400
2026-04-28 17:00:00,580.97,1400
2026-04-28 17:30:00,600.3,1400
2026-04-28 18:00:00,560.4,1400
2026-04-28 18:30:00,528.35,1400
2026-04-28 19:00:00,599.02,1400
2026-04-28 19:30:00,580.66,1400
2026-04-28 20:00:00,668.7,1400
2026-04-28 20:30:00,684.03,1400
2026-04-28 21:00:00,738.91,1400
2026-04-28 21:30:00,763.58,1400
2026-04-28 22:00:00,859.67,1400
2026-04-28 22:30:00,832.51,1400
2026-04-28 23:00:00,963.46,1400
2026-04-28 23:30:00,1025.39,1400
2026-04-29 00:00:00,928.55,1400
2026-04-29 00:30:00,981.85,1400
2026-04-29 01:00:00,971.86,1400
2026-04-29 01:30:00,957.06,1400
2026-04-29 02:00:00,870.64,1400
2026-04-29 02:30:00,839.55,1400
2026-04-29 03:00:00,769.74,1400
2026-04-29 03:30:00,747.05,1400
2026-04-29 04:00:00,612.15,1400
2026-04-29 04:30:00,678.68,1400
2026-04-29 05:00:00,591.8,1400
2026-04-29 05:30:00,576.15,1400
2026-04-29 06:00:00,549.75,1400
2026-04-29 06:30:00,563.6,1400
2026-04-29 07:00:00,579.13,1400
2026-04-29 07:30:00,590.86,1400
2026-04-29 08:00:00,649.35,1400
2026-04-29 08:30:00,680.99,1400
2026-04-29 09:00:00,771.76,1400
2026-04-29 09:30:00,768.85,1400
2026-04-29 10:00:00,840.31,1400
2026-04-29 10:30:00,881.12,1400
2026-04-29 11:00:00,929.74,1400
2026-04-29 11:30:00,935.28,1400
2026-04-29 12:00:00,958.76,1400
2026-04-29 12:30:00,951.36,1400
2026-04-29 13:00:00,1014.32,1400
2026-04-29 13:30:00,991.62,1400
2026-04-29 14:00:00,923.93,1400
2026-04-29 14:30:00,841.55,1400
2026-04-29 15:00:00,766.03,1400
2026-04-29 15:30:00,734.74,1400
2026-04-29 16:00:00,641.53,1400
2026-04-29 16:30:00,637.15,1400
2026-04-29 17:00:00,596.65,1400
2026-04-29 17:30:00,568.42,1400
2026-04-29 18:00:00,563.5,1400
2026-04-29 18:30:00,555.9,1400
2026-04-29 19:00:00,615.02,1400
2026-04-29 19:30:00,549.73,1400
2026-04-29 20:00:00,679.95,1400
2026-04-29 20:30:00,677.73,1400
2026-04-29 21:00:00,742.08,1400
2026-04-29 21:30:00,787.5,1400
2026-04-29 22:00:00,882.41,1400
2026-04-29 22:30:00,867.64,1400
2026-04-29 23:00:00,929.97,1400
2026-04-29 23:30:00,932.97,1400
2026-04-30 00:00:00,1043.24,1400
2026-04-30 00:30:00,982.82,1400
2026-04-30 01:00:00,975.91,1400
2026-04-30 01:30:00,930.92,1400
2026-04-30 02:00:00,853.16,1400
2026-04-30 02:30:00,901.96,1400
2026-04-30 03:00:00,733.45,1400
2026-04-30 03:30:00,754.88,1400
2026-04-30 04:00:00,655.87,1400
2026-04-30 04:30:00,657.39,1400
2026-04-30 05:00:00,572.17,1400
2026-04-30 05:30:00,582.09,1400
2026-04-30 06:00:00,557.35,1400
2026-04-30 06:30:00,558.03,1400
2026-04-30 07:00:00,558.25,1400
2026-04-30 07:30:00,570.36,1400
2026-04-30 08:00:00,678.68,1400
2026-04-30 08:30:00,672.79,1400
2026-04-30 09:00:00,732.92,1400
2026-04-30 09:30:00,772.46,1400
2026-04-30 10:00:00,821.75,1400
2026-04-30 10:30:00,874.83,1400
2026-04-30 11:00:00,1007.83,1400
2026-04-30 11:30:00,926.42,1400
2026-04-30 12:00:00,958.2,1400
2026-04-30 12:30:00,1005.33,1400
2026-04-30 13:00:00,909.41,1400
2026-04-30 13:30:00,935.44,1400
2026-04-30 14:00:00,889.23,1400
2026-04-30 14:30:00,856.98,1400
2026-04-30 15:00:00,758.99,1400
2026-04-30 15:30:00,781.47,1400
2026-04-30 16:00:00,663.49,1400
2026-04-30 16:30:00,660.44,1400
2026-04-30 17:00:00,569.41,1400
2026-04-30 17:30:00,581.65,1400
2026-04-30 18:00:00,543.97,1400
2026-04-30 18:30:00,553.5,1400
2026-04-30 19:00:00,566.68,1400
2026-04-30 19:30:00,572.11,1400
2026-04-30 20:00:00,635.74,1400
2026-04-30 20:30:00,654.51,1400
2026-04-30 21:00:00,745.8,1400
2026-04-30 21:30:00,738.85,1400
2026-04-30 22:00:00,880.38,1400
2026-04-30 22:30:00,879.18,1400
2026-04-30 23:00:00,975.93,1400
2026-04-30 23:30:00,941.21,1400
